numer_sta;date;pmer;tend;cod_tend;dd;ff;t;td;u;vv;ww;w1;w2;n;nbas;hbas;cl;cm;ch;pres;niv_bar;geop;tend24;tn12;tn24;tx12;tx24;tminsol;sw;tw;raf10;rafper;per;etat_sol;ht_neige;ssfrai;perssfrai;rr1;rr3;rr6;rr12;rr24;phenspe1;phenspe2;phenspe3;phenspe4;nnuage1;ctype1;hnuage1;nnuage2;ctype2;hnuage2;nnuage3;ctype3;hnuage3;nnuage4;ctype4;hnuage4;
07005;20200210000000;99600;60;3;250;15.600000;284.050000;279.750000;75;12760;0;mq;mq;mq;mq;mq;mq;mq;mq;98750;mq;mq;-2150;mq;mq;mq;mq;281.350000;mq;mq;26.000000;27.700000;-10;1;0.000000;mq;mq;-0.100000;2.000000;7.700000;8.700000;8.700000;mq;mq;mq;mq;mq;mq;mq;mq;mq;mq;mq;mq;mq;mq;mq;mq;
07015;20200210000000;99370;70;3;240;15.600000;284.250000;279.750000;74;12880;0;mq;mq;100;7;800;mq;mq;mq;98810;mq;mq;-2410;mq;mq;mq;mq;280.850000;mq;mq;22.500000;25.300000;-10;0;mq;mq;mq;0.000000;0.600000;2.600000;3.200000;3.200000;mq;mq;mq;mq;7;mq;840;7;mq;1320;8;mq;2100;mq;8;mq;
07020;20200210000000;99800;110;3;260;20.700000;282.950000;280.350000;84;4000;61;6;2;100;8;450;34;mq;mq;99690;mq;mq;-1530;mq;mq;mq;mq;mq;mq;mq;29.100000;29.100000;-10;mq;mq;mq;mq;1.000000;1.400000;3.200000;4.200000;4.400000;mq;mq;mq;mq;6;6;400;mq;mq;mq;mq;mq;mq;mq;mq;mq;
07027;20200210000000;100120;210;3;260;16.500000;283.850000;280.950000;82;5920;60;mq;mq;100;7;800;mq;mq;mq;99320;mq;mq;-1620;mq;mq;mq;mq;281.850000;mq;mq;28.000000;28.000000;-10;mq;mq;mq;mq;0.600000;0.800000;1.800000;2.200000;2.200000;mq;mq;mq;mq;5;mq;780;7;mq;1050;7;mq;1740;mq;9;mq;
07037;20200210000000;99960;170;1;270;8.100000;284.250000;280.550000;78;15760;58;mq;mq;100;8;800;mq;mq;mq;98160;mq;mq;-1910;mq;mq;mq;mq;281.550000;mq;mq;15.300000;18.500000;-10;mq;0.000000;mq;mq;-0.100000;0.600000;2.400000;2.600000;2.600000;mq;mq;mq;mq;3;mq;870;6;mq;1050;7;mq;1260;mq;9;mq;
07072;20200210000000;99840;-220;6;240;14.700000;286.950000;283.550000;80;19970;0;mq;mq;100;7;800;mq;mq;mq;98720;mq;mq;-2250;mq;mq;mq;mq;283.150000;mq;mq;21.800000;25.700000;-10;1;0.000000;mq;mq;0.600000;1.000000;1.400000;1.400000;1.400000;mq;mq;mq;mq;4;mq;660;6;mq;810;7;mq;990;mq;9;mq;
07110;20200210000000;100660;220;1;260;13.700000;284.150000;279.850000;75;6390;0;mq;mq;100;8;800;mq;mq;mq;99490;mq;mq;-750;mq;mq;mq;mq;282.250000;mq;mq;26.600000;28.500000;-10;0;0.000000;mq;mq;0.000000;-0.100000;4.700000;6.300000;8.900000;mq;mq;mq;mq;3;mq;870;5;mq;1020;7;mq;1200;mq;mq;mq;
07117;20200210000000;100290;190;3;250;14.500000;284.250000;279.750000;74;mq;mq;mq;mq;mq;mq;mq;mq;mq;mq;99600;mq;mq;-1040;mq;mq;mq;mq;mq;mq;mq;23.900000;27.200000;-10;mq;mq;mq;mq;0.000000;0.200000;0.200000;1.000000;1.000000;mq;mq;mq;mq;mq;mq;mq;mq;mq;mq;mq;mq;mq;mq;mq;mq;
07130;20200210000000;100670;90;3;240;13.000000;286.150000;280.550000;69;10320;0;mq;mq;100;5;1250;mq;mq;mq;100230;mq;mq;-1200;mq;mq;mq;mq;283.250000;mq;mq;23.200000;25.500000;-10;0;0.000000;mq;mq;0.000000;0.200000;0.600000;1.400000;1.800000;mq;mq;mq;mq;5;mq;1020;6;mq;1680;8;mq;2040;mq;mq;mq;
07139;20200210000000;100300;10;0;230;12.100000;285.150000;282.350000;83;16260;61;mq;mq;100;7;800;mq;mq;mq;98580;mq;mq;-1710;mq;mq;mq;mq;280.750000;mq;mq;18.100000;24.300000;-10;1;mq;mq;mq;0.200000;0.600000;1.000000;2.800000;3.000000;mq;mq;mq;mq;4;mq;600;7;mq;750;7;mq;930;mq;mq;mq;
07149;20200210000000;100120;-100;6;250;12.800000;286.850000;282.450000;75;25000;21;6;2;90;7;800;35;mq;mq;99060;mq;mq;-1940;mq;mq;mq;mq;mq;mq;mq;19.400000;25.600000;-10;2;0.000000;0.000000;-60;-0.100000;0.400000;1.200000;1.200000;1.200000;mq;mq;mq;mq;5;6;800;7;6;1200;mq;mq;mq;mq;mq;mq;
07168;20200210000000;100370;-240;6;220;13.700000;286.450000;284.550000;88;19360;0;mq;mq;100;8;450;mq;mq;mq;98980;mq;mq;-1840;mq;mq;mq;mq;283.450000;mq;mq;19.700000;23.600000;-10;1;0.000000;mq;mq;-0.100000;0.200000;0.200000;0.200000;0.200000;mq;mq;mq;mq;7;mq;540;8;mq;690;mq;mq;mq;mq;mq;mq;
07181;20200210000000;100380;-200;8;210;16.300000;282.150000;280.450000;89;5680;61;mq;mq;100;8;450;mq;mq;mq;96330;mq;mq;-1860;mq;mq;mq;mq;280.350000;mq;mq;24.100000;25.200000;-10;mq;mq;mq;mq;0.600000;1.600000;1.600000;1.600000;1.600000;mq;mq;mq;mq;7;mq;420;8;mq;690;mq;mq;mq;mq;mq;mq;
07190;20200210000000;100430;-250;6;210;13.500000;287.250000;280.550000;64;60000;0;mq;mq;100;7;1250;mq;mq;mq;98650;mq;mq;-1960;mq;mq;mq;mq;284.050000;mq;mq;23.400000;23.400000;-10;0;0.000000;mq;mq;-0.100000;-0.100000;-0.100000;-0.100000;-0.100000;mq;mq;mq;mq;7;mq;1320;8;mq;1620;mq;mq;mq;mq;mq;mq;
07207;20200210000000;101120;140;3;250;16.300000;285.650000;283.150000;85;mq;mq;mq;mq;mq;mq;mq;mq;mq;mq;100600;mq;mq;-810;mq;mq;mq;mq;mq;mq;mq;26.300000;27.200000;-10;mq;mq;mq;mq;-0.100000;-0.100000;-0.100000;-0.100000;-0.100000;mq;mq;mq;mq;mq;mq;mq;mq;mq;mq;mq;mq;mq;mq;mq;mq;
07222;20200210000000;101160;50;3;250;10.100000;286.150000;284.350000;89;9230;0;mq;mq;100;8;450;mq;mq;mq;100850;mq;mq;-940;mq;mq;mq;mq;283.650000;mq;mq;20.200000;20.200000;-10;2;0.000000;mq;mq;0.000000;0.600000;1.400000;2.600000;2.600000;mq;mq;mq;mq;8;mq;420;mq;mq;mq;mq;mq;mq;mq;mq;mq;
07240;20200210000000;100900;-30;5;240;11.800000;285.950000;284.650000;92;5060;60;mq;mq;100;8;450;mq;mq;mq;99570;mq;mq;-1330;mq;mq;mq;mq;283.450000;mq;mq;24.300000;24.300000;-10;2;0.000000;mq;mq;0.600000;1.000000;2.400000;2.600000;2.600000;mq;mq;mq;mq;7;mq;420;8;mq;630;mq;mq;mq;mq;mq;mq;
07255;20200210000000;101050;-150;8;240;10.600000;285.850000;284.550000;92;12860;51;mq;mq;mq;mq;mq;mq;mq;mq;99080;mq;mq;-1260;mq;mq;mq;mq;283.950000;mq;mq;22.200000;22.200000;-10;mq;0.000000;mq;mq;-0.100000;0.200000;0.200000;0.200000;0.200000;mq;mq;mq;mq;mq;mq;mq;mq;mq;mq;mq;mq;mq;mq;mq;mq;
07280;20200210000000;101030;-390;6;190;13.300000;284.450000;279.350000;71;60000;0;mq;mq;100;8;800;mq;mq;mq;98330;mq;mq;-1400;mq;mq;mq;mq;280.550000;mq;mq;21.900000;21.900000;-10;0;0.000000;mq;mq;0.000000;0.000000;0.000000;0.000000;0.000000;mq;mq;mq;mq;8;mq;960;mq;mq;mq;mq;mq;mq;mq;mq;mq;
07299;20200210000000;100780;-370;6;220;8.700000;288.450000;279.450000;55;60000;0;mq;mq;100;8;1750;mq;mq;mq;97600;mq;mq;-1660;mq;mq;mq;mq;280.550000;mq;mq;15.700000;21.700000;-10;0;0.000000;mq;mq;0.000000;-0.100000;-0.100000;-0.100000;-0.100000;mq;mq;mq;mq;8;mq;1500;mq;mq;mq;mq;mq;mq;mq;mq;mq;
07314;20200210000000;101630;-30;8;230;14.000000;285.950000;285.050000;94;2000;10;2;mq;100;8;800;37;mq;mq;101350;mq;mq;-780;mq;mq;mq;mq;mq;mq;mq;19.800000;20.600000;-10;2;mq;mq;mq;0.200000;0.400000;0.400000;0.800000;0.800000;mq;mq;mq;mq;8;7;600;mq;mq;mq;mq;mq;mq;mq;mq;mq;
07335;20200210000000;101370;-60;5;240;13.200000;285.950000;284.150000;89;60000;0;mq;mq;90;7;450;mq;mq;mq;99940;mq;mq;-970;mq;mq;mq;mq;283.150000;mq;mq;22.500000;24.100000;-10;2;0.000000;mq;mq;-0.100000;0.200000;0.800000;1.000000;1.200000;mq;mq;mq;mq;3;mq;360;6;mq;570;7;mq;1170;mq;mq;mq;
07434;20200210000000;101790;-120;6;210;10.400000;283.650000;282.850000;95;5580;51;mq;mq;100;8;250;mq;mq;mq;97010;mq;mq;-620;mq;mq;mq;mq;282.150000;mq;mq;15.900000;15.900000;-10;2;0.000000;mq;mq;0.200000;0.600000;0.600000;0.600000;0.600000;mq;mq;mq;mq;8;mq;210;mq;mq;mq;mq;mq;mq;mq;mq;mq;
07460;20200210000000;101680;-160;6;160;8.800000;286.750000;280.550000;66;60000;0;mq;mq;100;8;1250;mq;mq;mq;97840;mq;mq;-750;mq;mq;mq;mq;282.550000;mq;mq;12.700000;15.900000;-10;0;0.000000;mq;mq;0.000000;0.000000;0.000000;0.000000;0.000000;mq;mq;mq;mq;8;mq;1170;mq;mq;mq;mq;mq;mq;mq;mq;mq;
07471;20200210000000;mq;-180;8;220;5.800000;282.150000;277.950000;75;20000;0;mq;mq;100;7;800;mq;mq;mq;92400;mq;824;-470;mq;mq;mq;mq;278.250000;mq;mq;11.200000;11.200000;-10;0;0.000000;mq;mq;0.000000;0.000000;0.000000;0.000000;0.000000;mq;mq;mq;mq;3;mq;720;4;mq;900;7;mq;1410;mq;mq;mq;
07481;20200210000000;102050;-40;8;190;12.000000;284.750000;279.650000;71;40000;3;2;2;100;7;800;38;mq;mq;99170;mq;mq;-570;mq;mq;mq;mq;mq;mq;mq;19.500000;21.000000;-10;0;0.000000;0.000000;-60;0.000000;0.000000;-0.100000;-0.100000;-0.100000;mq;mq;mq;mq;1;8;700;7;6;1550;mq;mq;mq;mq;mq;mq;
07510;20200210000000;102140;10;3;250;8.600000;290.050000;282.750000;62;60000;0;mq;mq;100;8;1250;mq;mq;mq;101570;mq;mq;-380;mq;mq;mq;mq;285.450000;mq;mq;11.100000;14.600000;-10;0;0.000000;mq;mq;0.000000;0.000000;0.000000;0.000000;0.000000;mq;mq;mq;mq;8;mq;1230;mq;mq;mq;mq;mq;mq;mq;mq;mq;
07535;20200210000000;102230;-170;6;190;5.700000;284.750000;281.050000;78;9660;61;mq;mq;100;8;1250;mq;mq;mq;99100;mq;mq;-370;mq;mq;mq;mq;282.750000;mq;mq;10.800000;11.700000;-10;1;0.000000;mq;mq;-0.100000;-0.100000;-0.100000;-0.100000;-0.100000;mq;mq;mq;mq;8;mq;1170;mq;mq;mq;mq;mq;mq;mq;mq;mq;
07558;20200210000000;102470;-210;8;130;1.800000;280.250000;279.150000;93;18720;0;mq;mq;mq;mq;mq;mq;mq;mq;94040;mq;mq;-220;mq;mq;mq;mq;279.850000;mq;mq;2.200000;5.100000;-10;mq;0.000000;mq;mq;0.000000;0.000000;0.000000;0.000000;0.000000;mq;mq;mq;mq;mq;mq;mq;mq;mq;mq;mq;mq;mq;mq;mq;mq;
07577;20200210000000;102580;-200;6;190;3.500000;283.650000;281.250000;85;19330;0;mq;mq;mq;mq;mq;mq;mq;mq;101670;mq;mq;-290;mq;mq;mq;mq;282.350000;mq;mq;5.400000;6.200000;-10;0;0.000000;mq;mq;0.000000;0.000000;0.000000;0.000000;0.000000;mq;mq;mq;mq;mq;mq;mq;mq;mq;mq;mq;mq;mq;mq;mq;mq;
07591;20200210000000;mq;-120;8;220;1.500000;277.650000;273.450000;74;20000;0;mq;mq;mq;mq;mq;mq;mq;mq;92460;mq;870;-120;mq;mq;mq;mq;274.050000;mq;mq;2.200000;3.600000;-10;mq;mq;mq;mq;-0.100000;-0.100000;-0.100000;-0.100000;-0.100000;mq;mq;mq;mq;mq;mq;mq;mq;mq;mq;mq;mq;mq;mq;mq;mq;
07607;20200210000000;102240;-130;6;220;3.500000;290.250000;280.850000;54;60000;0;mq;mq;100;8;1750;mq;mq;mq;101540;mq;mq;-300;mq;mq;mq;mq;285.050000;mq;mq;7.400000;7.400000;-10;mq;0.000000;mq;mq;0.000000;0.000000;0.000000;0.000000;-0.100000;mq;mq;mq;mq;8;mq;1740;mq;mq;mq;mq;mq;mq;mq;mq;mq;
07621;20200210000000;102360;-140;7;220;3.400000;285.450000;279.250000;66;60000;0;mq;mq;mq;0;mq;mq;mq;mq;98030;mq;mq;-210;mq;mq;mq;mq;281.350000;mq;mq;5.100000;5.700000;-10;0;0.000000;mq;mq;0.000000;0.000000;0.000000;0.000000;-0.100000;mq;mq;mq;mq;mq;mq;mq;mq;mq;mq;mq;mq;mq;mq;mq;mq;
07627;20200210000000;102400;-230;7;160;4.800000;286.350000;276.450000;51;20000;0;mq;mq;100;1;1250;mq;mq;mq;97490;mq;mq;-180;mq;mq;mq;mq;279.550000;mq;mq;6.400000;7.000000;-10;mq;0.000000;mq;mq;0.000000;0.000000;0.000000;0.000000;0.000000;mq;mq;mq;mq;1;mq;1170;3;mq;1740;8;mq;2160;mq;mq;mq;
07630;20200210000000;102430;-150;8;190;1.700000;283.250000;281.150000;87;22690;0;mq;mq;mq;2;1750;mq;mq;mq;100610;mq;mq;-250;mq;mq;mq;mq;280.150000;mq;mq;2.600000;7.400000;-10;0;0.000000;mq;mq;0.000000;0.000000;0.000000;0.000000;0.000000;mq;mq;mq;mq;2;mq;1680;mq;mq;mq;mq;mq;mq;mq;mq;mq;
07643;20200210000000;102600;-160;8;350;2.500000;284.250000;283.750000;97;11510;0;mq;mq;100;8;450;mq;mq;mq;102500;mq;mq;-210;mq;mq;mq;mq;283.450000;mq;mq;3.200000;3.200000;-10;mq;mq;mq;mq;0.000000;0.000000;0.000000;-0.100000;-0.100000;mq;mq;mq;mq;8;mq;480;mq;mq;mq;mq;mq;mq;mq;mq;mq;
07650;20200210000000;102630;-190;8;120;4.500000;285.550000;282.550000;82;46100;0;mq;mq;100;8;800;mq;mq;mq;102240;mq;mq;-240;mq;mq;mq;mq;283.350000;mq;mq;5.900000;6.900000;-10;0;0.000000;mq;mq;0.000000;0.000000;0.000000;0.000000;0.000000;mq;mq;mq;mq;2;mq;750;7;mq;990;8;mq;1170;mq;mq;mq;
07661;20200210000000;mq;mq;mq;110;1.600000;mq;mq;mq;mq;mq;mq;mq;mq;mq;mq;mq;mq;mq;mq;mq;mq;mq;mq;mq;mq;mq;mq;mq;mq;3.000000;3.000000;-10;mq;mq;mq;mq;mq;mq;mq;mq;mq;mq;mq;mq;mq;mq;mq;mq;mq;mq;mq;mq;mq;mq;mq;mq;mq;
07690;20200210000000;102670;-150;8;320;4.000000;282.250000;278.650000;78;40000;3;2;2;100;2;1750;35;20;12;102350;mq;mq;-270;mq;mq;mq;mq;280.250000;mq;mq;4.800000;4.800000;-10;0;0.000000;mq;mq;0.000000;0.000000;0.000000;0.000000;0.000000;mq;mq;mq;mq;2;6;1900;7;0;8000;mq;mq;mq;mq;mq;mq;
07747;20200210000000;102590;-90;8;230;2.800000;282.950000;281.550000;91;11930;0;mq;mq;90;7;5580;mq;mq;mq;102050;mq;mq;-170;mq;mq;mq;mq;282.050000;mq;mq;3.900000;3.900000;-10;0;0.000000;mq;mq;0.000000;0.000000;0.000000;0.000000;0.000000;mq;mq;mq;mq;5;mq;5580;7;mq;6240;7;mq;7320;mq;mq;mq;
07761;20200210000000;103070;-10;8;50;2.500000;283.750000;280.650000;81;42250;0;mq;mq;mq;5;450;mq;mq;mq;102960;mq;mq;140;mq;mq;mq;mq;280.150000;mq;mq;4.000000;4.000000;-10;mq;0.000000;mq;mq;0.000000;-0.100000;-0.100000;0.200000;0.200000;mq;mq;mq;mq;5;mq;570;5;mq;840;mq;mq;mq;mq;mq;mq;
07790;20200210000000;102790;-140;8;230;2.200000;281.150000;278.050000;81;60000;0;mq;mq;mq;5;7140;mq;mq;mq;102640;mq;mq;-150;mq;mq;mq;mq;280.350000;mq;mq;3.100000;7.600000;-10;mq;0.000000;mq;mq;0.000000;0.000000;0.000000;0.000000;0.000000;mq;mq;mq;mq;5;mq;7140;mq;mq;mq;mq;mq;mq;mq;mq;mq;
61968;20200210000000;101120;150;6;60;2.000000;299.150000;296.250000;84;mq;mq;mq;mq;mq;mq;mq;mq;mq;mq;101070;mq;mq;-120;mq;297.950000;mq;305.850000;mq;mq;mq;mq;mq;mq;mq;mq;mq;mq;0.000000;0.000000;0.000000;0.000000;0.000000;mq;mq;mq;mq;mq;mq;mq;mq;mq;mq;mq;mq;mq;mq;mq;mq;
61972;20200210000000;101150;150;6;170;2.000000;298.650000;297.050000;91;mq;mq;mq;mq;mq;mq;mq;mq;mq;mq;101080;mq;mq;-170;mq;298.650000;mq;305.250000;mq;mq;mq;mq;mq;mq;mq;mq;mq;mq;0.000000;0.000000;0.000000;0.000000;0.000000;mq;mq;mq;mq;mq;mq;mq;mq;mq;mq;mq;mq;mq;mq;mq;mq;
61976;20200210000000;101020;150;6;160;6.300000;299.650000;294.850000;75;mq;mq;mq;mq;mq;mq;mq;mq;mq;mq;100930;mq;mq;-160;mq;299.450000;mq;303.850000;mq;mq;mq;mq;mq;mq;mq;mq;mq;mq;0.000000;0.000000;0.000000;0.000000;0.000000;mq;mq;mq;mq;mq;mq;mq;mq;mq;mq;mq;mq;mq;mq;mq;mq;
61980;20200210000000;101080;-170;6;230;2.100000;295.050000;290.850000;77;20000;0;mq;mq;mq;0;mq;mq;mq;mq;100930;mq;mq;-270;mq;mq;mq;mq;mq;mq;mq;3.200000;3.400000;-10;mq;mq;mq;mq;0.000000;0.000000;0.000000;0.000000;0.600000;mq;mq;mq;mq;mq;mq;mq;mq;mq;mq;mq;mq;mq;mq;mq;mq;
61996;20200210000000;102510;0;5;200;3.100000;285.850000;280.750000;71;mq;mq;mq;mq;mq;mq;mq;mq;mq;mq;102160;mq;mq;150;283.750000;mq;289.050000;mq;mq;mq;mq;mq;mq;mq;mq;mq;mq;mq;0.000000;0.000000;0.000000;0.000000;mq;mq;mq;mq;mq;mq;mq;mq;mq;mq;mq;mq;mq;mq;mq;mq;mq;
61997;20200210000000;102220;170;7;320;5.300000;282.350000;273.750000;55;mq;mq;mq;mq;mq;mq;mq;mq;mq;mq;100440;mq;mq;-260;mq;mq;mq;mq;mq;mq;mq;mq;mq;mq;mq;mq;mq;mq;0.000000;mq;mq;mq;mq;mq;mq;mq;mq;mq;mq;mq;mq;mq;mq;mq;mq;mq;mq;mq;mq;
61998;20200210000000;101080;-90;8;310;5.100000;279.350000;274.450000;71;mq;mq;mq;mq;mq;mq;mq;mq;mq;mq;100710;mq;mq;mq;mq;mq;mq;mq;mq;mq;mq;mq;8.200000;-10;mq;mq;mq;mq;0.000000;mq;0.000000;mq;mq;mq;mq;mq;mq;mq;mq;mq;mq;mq;mq;mq;mq;mq;mq;mq;mq;
67005;20200210000000;101100;-150;6;330;1.400000;299.050000;298.150000;95;20000;0;mq;mq;mq;0;mq;mq;mq;mq;101020;mq;mq;-160;mq;mq;mq;mq;mq;mq;mq;2.100000;2.700000;-10;mq;mq;mq;mq;0.000000;0.000000;0.000000;0.000000;0.000000;mq;mq;mq;mq;mq;mq;mq;mq;mq;mq;mq;mq;mq;mq;mq;mq;
71805;20200210000000;103340;260;1;290;7.000000;267.350000;261.650000;64;20000;1;2;2;100;8;800;35;mq;mq;103250;mq;mq;2170;mq;mq;mq;mq;271.050000;mq;mq;10.100000;15.300000;-10;18;0.040000;0.000000;-60;-0.100000;-0.100000;-0.100000;0.200000;0.800000;mq;mq;mq;mq;8;6;900;mq;mq;mq;mq;mq;mq;mq;mq;mq;
78890;20200210000000;101900;90;3;80;9.800000;299.350000;294.750000;76;mq;mq;mq;mq;mq;mq;mq;mq;mq;mq;101580;mq;mq;120;mq;298.350000;mq;301.450000;mq;mq;mq;mq;mq;mq;mq;mq;mq;mq;0.000000;0.000000;0.000000;0.000000;0.000000;mq;mq;mq;mq;mq;mq;mq;mq;mq;mq;mq;mq;mq;mq;mq;mq;
78894;20200210000000;102020;120;0;0;0.000000;295.550000;293.850000;90;mq;mq;mq;mq;mq;mq;mq;mq;mq;mq;101500;mq;mq;90;mq;294.850000;mq;302.850000;mq;mq;mq;mq;mq;mq;mq;mq;mq;mq;2.600000;5.400000;8.000000;9.000000;10.000000;mq;mq;mq;mq;mq;mq;mq;mq;mq;mq;mq;mq;mq;mq;mq;mq;
78897;20200210000000;101920;120;3;90;4.300000;298.350000;293.850000;76;29700;mq;mq;mq;mq;mq;mq;mq;mq;mq;101830;mq;mq;100;mq;mq;mq;mq;mq;mq;mq;mq;mq;mq;mq;mq;mq;mq;0.000000;0.000000;0.000000;1.400000;3.600000;mq;mq;mq;mq;mq;mq;mq;mq;mq;mq;mq;mq;mq;mq;mq;mq;
78922;20200210000000;101850;80;3;100;9.200000;299.550000;294.550000;74;mq;mq;mq;mq;mq;mq;mq;mq;mq;mq;101400;mq;mq;110;mq;295.650000;mq;302.050000;mq;mq;mq;mq;mq;mq;mq;mq;mq;mq;0.000000;0.000000;0.000000;0.000000;3.200000;mq;mq;mq;mq;mq;mq;mq;mq;mq;mq;mq;mq;mq;mq;mq;mq;
78925;20200210000000;101800;80;3;100;7.600000;299.650000;294.850000;75;26060;0;mq;mq;90;5;800;mq;mq;mq;101710;mq;mq;100;302.850000;mq;302.850000;mq;mq;mq;mq;10.900000;12.500000;-10;mq;mq;mq;mq;0.000000;0.000000;0.000000;0.400000;1.600000;mq;mq;mq;mq;4;mq;780;5;mq;1140;5;mq;1380;mq;mq;mq;
81401;20200210000000;101450;100;2;50;0.900000;296.950000;295.350000;91;mq;mq;mq;mq;mq;mq;mq;mq;mq;mq;101390;mq;mq;80;mq;295.150000;mq;304.050000;mq;mq;mq;mq;mq;mq;mq;mq;mq;mq;0.000000;0.000000;0.000000;1.000000;1.200000;mq;mq;mq;mq;mq;mq;mq;mq;mq;mq;mq;mq;mq;mq;mq;mq;
81405;20200210000000;101490;110;3;60;3.400000;299.750000;295.150000;76;13140;0;mq;mq;mq;2;800;mq;mq;mq;101400;mq;mq;70;303.550000;mq;303.550000;mq;299.350000;mq;mq;5.000000;6.200000;-10;mq;mq;mq;mq;0.000000;0.000000;0.000000;0.000000;0.000000;mq;mq;mq;mq;2;mq;750;5;mq;7200;mq;mq;mq;mq;mq;mq;
81408;20200210000000;101450;140;2;0;0.000000;298.250000;297.350000;95;mq;mq;mq;mq;mq;mq;mq;mq;mq;mq;101370;mq;mq;80;mq;295.850000;mq;303.250000;mq;mq;mq;mq;mq;mq;mq;mq;mq;mq;0.000000;0.000000;2.600000;2.600000;2.600000;mq;mq;mq;mq;mq;mq;mq;mq;mq;mq;mq;mq;mq;mq;mq;mq;
81415;20200210000000;101450;150;3;70;1.100000;298.050000;295.750000;87;mq;mq;mq;mq;mq;mq;mq;mq;mq;mq;100230;mq;mq;60;mq;295.550000;mq;304.650000;mq;mq;mq;mq;mq;mq;mq;mq;mq;mq;0.000000;0.000000;0.000000;0.000000;1.200000;mq;mq;mq;mq;mq;mq;mq;mq;mq;mq;mq;mq;mq;mq;mq;mq;
89642;20200210000000;99310;140;3;140;4.600000;274.050000;264.750000;50;40000;2;1;1;0;mq;mq;mq;mq;mq;98780;mq;mq;mq;268.250000;mq;274.050000;mq;mq;mq;mq;mq;mq;mq;mq;mq;mq;mq;mq;mq;mq;mq;mq;mq;mq;mq;mq;mq;mq;mq;mq;mq;mq;mq;mq;mq;mq;mq;mq;
