numer_sta,date,pmer,tend,cod_tend,dd,ff,t,td,u,vv,ww,w1,w2,n,nbas,hbas,cl,cm,ch,pres,niv_bar,geop,tend24,tn12,tn24,tx12,tx24,tminsol,sw,tw,raf10,rafper,per,etat_sol,ht_neige,ssfrai,perssfrai,rr1,rr3,rr6,rr12,rr24,phenspe1,phenspe2,phenspe3,phenspe4,nnuage1,ctype1,hnuage1,nnuage2,ctype2,hnuage2,nnuage3,ctype3,hnuage3,nnuage4,ctype4,hnuage4,Unnamed: 59
7481,20190201000000,99260,-60,8,180,11.400000,281.850000,278.950000,82,60000,0,2,2,100,1,450,mq,mq,mq,96430,mq,mq,-700,mq,mq,mq,mq,mq,mq,mq,17.500000,17.500000,-10,1,0.000000,mq,mq,0.000000,0.000000,0.600000,2.000000,2.000000,mq,mq,mq,mq,1,mq,510,3,mq,2340,8,mq,2820,mq,8,mq,
7481,20190201030000,99230,-40,8,160,7.400000,280.650000,278.650000,87,25000,61,6,6,100,5,1250,35,27,mq,96390,mq,mq,-680,mq,mq,mq,mq,mq,mq,mq,11.300000,14.700000,-10,2,0.000000,0.000000,-30,0.600000,1.200000,1.200000,3.200000,3.200000,mq,mq,mq,mq,2,6,1470,5,6,2040,8,3,2520,mq,mq,mq,
7481,20190201060000,99180,-60,8,130,2.300000,279.550000,278.950000,96,7000,61,6,6,100,8,800,35,mq,mq,96330,mq,mq,-670,279.550000,mq,282.050000,mq,mq,mq,mq,3.000000,4.000000,-10,2,0.000000,0.000000,-60,2.200000,5.600000,6.800000,7.400000,8.800000,mq,mq,mq,mq,2,6,750,8,6,1050,mq,mq,mq,mq,mq,mq,
7481,20190201090000,99110,-70,8,120,5.800000,278.750000,278.350000,97,9000,61,6,6,100,8,150,38,mq,mq,96260,mq,mq,-760,mq,mq,mq,mq,mq,mq,mq,8.000000,8.000000,-10,2,0.000000,0.000000,-30,1.700000,6.300000,11.900000,13.100000,15.100000,mq,mq,mq,mq,1,7,110,3,8,600,7,6,1300,mq,mq,mq,
7481,20190201120000,98880,-230,8,140,3.200000,278.650000,278.050000,96,8000,61,6,6,100,8,150,35,mq,mq,96030,mq,mq,-720,mq,mq,mq,mq,mq,mq,mq,4.800000,6.100000,-10,2,0.000000,0.000000,-60,1.000000,2.400000,8.700000,15.500000,17.500000,mq,mq,mq,mq,1,7,150,3,6,850,7,6,1400,mq,mq,mq,
7481,20190201150000,98810,-70,5,130,3.900000,278.150000,277.550000,96,30000,21,6,2,100,3,150,35,22,mq,95960,mq,mq,-530,mq,mq,mq,mq,mq,mq,mq,6.500000,7.000000,-10,2,0.000000,0.000000,-30,0.600000,5.400000,7.800000,19.700000,22.900000,mq,mq,mq,mq,1,7,140,3,6,1700,7,4,2100,mq,mq,mq,
7481,20190201180000,98890,80,3,160,2.800000,278.450000,277.250000,92,40000,2,2,2,90,7,mq,35,22,mq,96040,mq,mq,-460,278.150000,mq,279.550000,mq,mq,mq,mq,4.100000,5.500000,-10,1,0.000000,0.000000,-60,0.000000,0.000000,5.400000,14.100000,21.500000,mq,mq,mq,mq,2,6,600,2,6,2000,5,4,4000,mq,mq,mq,
7481,20190201210000,99040,140,1,120,0.800000,278.250000,277.250000,93,15000,3,2,2,100,8,mq,35,mq,mq,96180,mq,mq,-310,mq,mq,mq,mq,mq,mq,mq,1.400000,3.500000,-10,1,0.000000,0.000000,-30,0.000000,0.000000,0.000000,7.800000,20.900000,mq,mq,mq,mq,5,6,700,7,6,900,mq,mq,mq,mq,mq,mq,
7481,20190202000000,99100,40,3,0,0.000000,276.050000,275.450000,96,8000,28,4,0,50,0,mq,30,20,12,96220,mq,mq,-210,mq,mq,mq,mq,mq,mq,mq,0.000000,1.400000,-10,1,0.000000,0.000000,-60,0.000000,0.000000,0.000000,5.400000,20.900000,mq,mq,mq,mq,4,0,7200,mq,mq,mq,mq,mq,mq,mq,mq,mq,
7481,20190202030000,99200,70,3,150,0.500000,274.150000,273.850000,98,220,42,4,4,60,4,30,36,20,11,96290,mq,mq,-100,mq,mq,mq,mq,mq,mq,mq,1.000000,4.100000,-10,1,0.000000,0.000000,-30,0.000000,0.000000,0.000000,0.000000,19.700000,mq,mq,mq,mq,4,7,30,1,0,7200,mq,mq,mq,mq,mq,mq,
7481,20190202060000,99330,140,3,20,2.500000,274.750000,274.750000,100,2750,63,6,4,100,7,250,35,mq,mq,96430,mq,mq,100,273.450000,mq,278.450000,mq,mq,mq,mq,3.000000,3.000000,-10,1,0.000000,0.000000,-60,1.400000,1.400000,1.400000,1.400000,15.500000,mq,mq,mq,mq,2,7,270,5,6,450,8,6,840,mq,mq,mq,
7481,20190202090000,99540,230,1,350,5.600000,277.050000,276.450000,96,10000,3,2,2,90,7,250,35,mq,mq,96660,mq,mq,400,mq,mq,mq,mq,mq,mq,mq,7.300000,7.300000,-10,1,0.000000,0.000000,-30,0.000000,1.400000,2.800000,2.800000,10.600000,mq,mq,mq,mq,5,7,240,7,6,1200,mq,mq,mq,mq,mq,mq,
7481,20190202120000,99700,160,1,330,6.100000,277.850000,276.350000,90,30000,1,2,2,90,7,450,36,mq,mq,96820,mq,mq,790,mq,mq,mq,mq,mq,mq,mq,9.900000,9.900000,-10,1,0.000000,0.000000,-60,0.000000,0.000000,1.400000,2.800000,8.200000,mq,mq,mq,mq,7,7,330,mq,mq,mq,mq,mq,mq,mq,mq,mq,
7481,20190202150000,99990,280,3,330,7.400000,277.650000,275.950000,89,30000,60,6,2,100,7,450,36,mq,mq,97100,mq,mq,1140,mq,mq,mq,mq,mq,mq,mq,10.600000,10.600000,-10,1,0.000000,0.000000,-30,-0.100000,-0.100000,-0.100000,2.800000,2.800000,mq,mq,mq,mq,7,7,450,mq,mq,mq,mq,mq,mq,mq,mq,mq,
7481,20190202180000,100340,320,3,330,8.700000,275.550000,274.850000,95,6480,63,6,6,100,8,250,36,mq,mq,97420,mq,mq,1380,274.750000,mq,278.350000,mq,mq,mq,mq,11.500000,12.600000,-10,2,0.000000,0.000000,-60,1.600000,3.400000,3.400000,4.800000,6.200000,mq,mq,mq,mq,8,7,240,mq,mq,mq,mq,mq,mq,mq,mq,mq,
7481,20190202210000,100650,290,1,320,7.000000,275.250000,274.850000,97,10000,61,6,6,100,8,250,36,mq,mq,97710,mq,mq,1530,mq,mq,mq,mq,mq,mq,mq,9.700000,11.100000,-10,2,0.000000,0.000000,-30,0.400000,2.200000,5.600000,5.600000,8.400000,mq,mq,mq,mq,8,7,240,mq,mq,mq,mq,mq,mq,mq,mq,mq,
7481,20190203000000,100840,190,3,320,7.100000,275.550000,274.850000,95,12000,60,6,6,100,8,450,35,mq,mq,97900,mq,mq,1680,mq,mq,mq,mq,mq,mq,mq,10.400000,12.900000,-10,2,0.000000,0.000000,-60,-0.100000,0.200000,2.400000,5.800000,8.600000,mq,mq,mq,mq,5,7,300,7,6,520,mq,mq,mq,mq,mq,mq,
7481,20190203030000,101040,190,1,320,7.600000,275.150000,274.550000,96,10000,61,6,6,100,8,250,37,mq,mq,98090,mq,mq,1800,mq,mq,mq,mq,mq,mq,mq,11.200000,12.100000,-10,2,0.000000,0.000000,-30,0.200000,1.200000,1.400000,7.000000,9.800000,mq,mq,mq,mq,7,7,270,mq,mq,mq,mq,mq,mq,mq,mq,mq,
7481,20190203060000,101290,240,3,330,6.800000,275.050000,274.450000,96,10000,61,6,6,100,8,250,37,mq,mq,98330,mq,mq,1900,274.950000,mq,275.650000,mq,mq,mq,mq,9.600000,11.300000,-10,2,0.000000,0.000000,-60,0.400000,1.000000,2.200000,4.600000,9.400000,mq,mq,mq,mq,7,7,240,mq,mq,mq,mq,mq,mq,mq,mq,mq,
7481,20190203090000,101570,280,3,340,9.900000,275.250000,274.650000,96,15000,61,6,6,100,8,250,37,mq,mq,98610,mq,mq,1950,mq,mq,mq,mq,mq,mq,mq,13.500000,13.700000,-10,2,0.000000,0.000000,-30,0.200000,0.600000,1.600000,3.000000,8.600000,mq,mq,mq,mq,7,7,270,mq,mq,mq,mq,mq,mq,mq,mq,mq,
7481,20190203120000,101840,270,1,350,11.300000,276.250000,273.350000,81,20000,1,2,2,100,7,mq,35,mq,mq,98880,mq,mq,2060,mq,mq,mq,mq,mq,mq,mq,16.700000,16.700000,-10,2,0.000000,0.000000,-60,-0.100000,-0.100000,0.600000,2.800000,8.600000,mq,mq,mq,mq,7,6,600,mq,mq,mq,mq,mq,mq,mq,mq,mq,
7481,20190203150000,102150,300,3,350,10.400000,276.550000,271.350000,69,20000,1,2,2,100,7,mq,35,mq,mq,99180,mq,mq,2080,mq,mq,mq,mq,mq,mq,mq,14.300000,14.300000,-10,1,0.000000,0.000000,-30,0.000000,0.000000,-0.100000,1.600000,8.600000,mq,mq,mq,mq,7,6,930,mq,mq,mq,mq,mq,mq,mq,mq,mq,
7481,20190203180000,102430,270,3,350,7.400000,275.950000,271.050000,70,20000,1,2,2,90,7,mq,35,mq,mq,99450,mq,mq,2030,274.750000,mq,276.550000,mq,mq,mq,mq,11.800000,11.800000,-10,1,0.000000,0.000000,-60,0.000000,0.000000,0.000000,0.600000,5.200000,mq,mq,mq,mq,7,6,1400,mq,mq,mq,mq,mq,mq,mq,mq,mq,
7481,20190203210000,102710,260,1,350,8.400000,275.150000,272.250000,81,20000,1,2,2,100,8,800,35,mq,mq,99710,mq,mq,2000,mq,mq,mq,mq,mq,mq,mq,11.300000,12.200000,-10,1,0.000000,0.000000,-30,0.000000,-0.100000,-0.100000,-0.100000,3.000000,mq,mq,mq,mq,5,6,900,8,6,2000,mq,mq,mq,mq,mq,mq,
7481,20190204000000,102780,60,1,360,5.500000,274.350000,271.950000,84,16000,2,0,0,0,0,mq,30,20,10,99770,mq,mq,1870,mq,mq,mq,mq,mq,mq,mq,7.500000,8.500000,-10,1,0.000000,0.000000,-60,0.000000,0.000000,-0.100000,-0.100000,2.800000,mq,mq,mq,mq,mq,mq,mq,mq,mq,mq,mq,mq,mq,mq,mq,mq,
7481,20190204030000,102880,80,3,340,4.400000,273.150000,271.250000,87,18000,2,0,0,0,0,mq,30,20,10,99850,mq,mq,1760,mq,mq,mq,mq,mq,mq,mq,5.600000,7.400000,-10,4,0.000000,0.000000,-30,0.000000,0.000000,0.000000,-0.100000,1.600000,mq,mq,mq,mq,mq,mq,mq,mq,mq,mq,mq,mq,mq,mq,mq,mq,
7481,20190204060000,102910,20,0,340,2.200000,271.750000,270.650000,92,10730,0,0,0,mq,0,mq,mq,mq,mq,99870,mq,mq,1540,271.650000,mq,275.950000,mq,mq,mq,mq,2.700000,4.000000,-10,0,0.000000,mq,mq,0.000000,0.000000,0.000000,-0.100000,0.600000,mq,mq,mq,mq,mq,mq,mq,mq,mq,mq,mq,mq,mq,mq,mq,mq,
7481,20190204090000,103030,120,1,350,1.700000,272.650000,270.950000,88,15000,3,1,1,60,5,250,37,20,10,99990,mq,mq,1380,mq,mq,mq,mq,mq,mq,mq,2.400000,2.800000,-10,0,0.000000,0.000000,-30,0.000000,mq,mq,mq,mq,mq,mq,mq,mq,5,7,260,mq,mq,mq,mq,mq,mq,mq,mq,mq,
7481,20190204120000,102940,-50,8,330,1.200000,276.050000,271.650000,73,20000,1,0,0,50,1,450,35,20,11,99940,mq,mq,1060,mq,mq,mq,mq,mq,mq,mq,2.800000,2.800000,-10,0,0.000000,0.000000,-60,0.000000,0.000000,0.000000,0.000000,-0.100000,mq,mq,mq,mq,1,8,500,4,0,8000,mq,mq,mq,mq,mq,mq,
7481,20190204150000,102810,-110,7,70,1.400000,276.750000,271.750000,70,20000,1,1,1,75,0,mq,30,20,12,99830,mq,mq,650,mq,mq,mq,mq,mq,mq,mq,3.500000,3.500000,-10,0,0.000000,0.000000,-30,0.000000,0.000000,0.000000,0.000000,-0.100000,mq,mq,mq,mq,6,0,8000,mq,mq,mq,mq,mq,mq,mq,mq,mq,
7481,20190204180000,102820,-10,5,90,2.500000,274.950000,271.550000,78,12000,3,2,2,100,0,mq,30,20,12,99820,mq,mq,370,271.350000,mq,277.550000,mq,mq,mq,mq,6.000000,9.900000,-10,0,0.000000,0.000000,-60,0.000000,0.000000,0.000000,0.000000,-0.100000,mq,mq,mq,mq,8,0,5500,mq,mq,mq,mq,mq,mq,mq,mq,mq,
7481,20190204210000,102890,50,1,170,0.900000,274.050000,271.850000,85,9000,3,2,2,100,7,4200,30,27,mq,99870,mq,mq,160,mq,mq,mq,mq,mq,mq,mq,1.900000,2.700000,-10,0,0.000000,0.000000,-30,0.000000,0.000000,0.000000,0.000000,0.000000,mq,mq,mq,mq,7,3,4200,mq,mq,mq,mq,mq,mq,mq,mq,mq,
7481,20190205000000,102890,0,4,140,2.200000,273.550000,271.750000,88,8000,2,2,2,100,5,4400,30,27,12,99870,mq,mq,100,mq,mq,mq,mq,mq,mq,mq,3.000000,3.000000,-10,0,0.000000,0.000000,-60,0.000000,0.000000,0.000000,0.000000,0.000000,mq,mq,mq,mq,5,3,4400,8,0,9000,mq,mq,mq,mq,mq,mq,
7481,20190205030000,102820,-80,6,100,0.500000,272.750000,271.650000,92,5500,3,2,2,75,6,2800,30,27,10,99790,mq,mq,-60,mq,mq,mq,mq,mq,mq,mq,1.100000,3.600000,-10,0,0.000000,0.000000,-30,0.000000,0.000000,0.000000,0.000000,0.000000,mq,mq,mq,mq,6,3,2800,mq,mq,mq,mq,mq,mq,mq,mq,mq,
7481,20190205060000,102880,40,2,170,1.000000,271.150000,270.450000,95,2750,10,0,0,0,0,mq,30,20,10,99830,mq,mq,-40,271.150000,mq,274.950000,mq,mq,mq,mq,1.400000,1.700000,-10,4,0.000000,0.000000,-60,0.000000,0.000000,0.000000,0.000000,0.000000,mq,mq,mq,mq,mq,mq,mq,mq,mq,mq,mq,mq,mq,mq,mq,mq,
7481,20190205090000,102980,130,3,260,1.000000,273.750000,272.450000,91,6000,2,0,0,0,0,mq,30,20,10,99960,mq,mq,-30,mq,mq,mq,mq,mq,mq,mq,1.600000,1.600000,-10,4,0.000000,0.000000,-30,0.000000,0.000000,0.000000,0.000000,0.000000,mq,mq,mq,mq,mq,mq,mq,mq,mq,mq,mq,mq,mq,mq,mq,mq,
7481,20190205120000,102900,-40,8,340,2.300000,277.250000,272.650000,72,9750,0,0,0,mq,0,mq,mq,mq,mq,99920,mq,mq,-20,mq,mq,mq,mq,mq,mq,mq,3.800000,3.900000,-10,0,mq,mq,mq,0.000000,0.000000,0.000000,0.000000,0.000000,mq,mq,mq,mq,mq,mq,mq,mq,mq,mq,mq,mq,mq,mq,mq,mq,
7481,20190205150000,102790,-90,6,10,2.600000,279.450000,272.050000,59,18000,2,0,0,25,0,8000,30,20,11,99830,mq,mq,0,mq,mq,mq,mq,mq,mq,mq,4.400000,4.800000,-10,0,0.000000,0.000000,-30,0.000000,0.000000,0.000000,0.000000,0.000000,mq,mq,mq,mq,2,0,8000,mq,mq,mq,mq,mq,mq,mq,mq,mq,
7481,20190205180000,102880,60,3,360,1.900000,276.150000,271.950000,74,15000,2,0,0,25,0,8000,30,20,11,99890,mq,mq,70,271.050000,mq,279.650000,mq,mq,mq,mq,2.300000,3.900000,-10,0,0.000000,0.000000,-60,0.000000,0.000000,0.000000,0.000000,0.000000,mq,mq,mq,mq,2,0,8000,mq,mq,mq,mq,mq,mq,mq,mq,mq,
7481,20190205210000,102980,70,3,0,0.000000,273.750000,271.650000,86,10000,2,0,0,0,0,mq,30,20,10,99960,mq,mq,90,mq,mq,mq,mq,mq,mq,mq,1.300000,1.300000,-10,0,0.000000,0.000000,-30,0.000000,0.000000,0.000000,0.000000,0.000000,mq,mq,mq,mq,mq,mq,mq,mq,mq,mq,mq,mq,mq,mq,mq,mq,
7481,20190206000000,102980,-20,8,0,0.000000,272.150000,270.550000,89,6000,2,0,0,0,0,mq,30,20,10,99940,mq,mq,70,mq,mq,mq,mq,mq,mq,mq,0.900000,1.600000,-10,0,0.000000,0.000000,-60,0.000000,0.000000,0.000000,0.000000,0.000000,mq,mq,mq,mq,mq,mq,mq,mq,mq,mq,mq,mq,mq,mq,mq,mq,
7481,20190206030000,102980,-10,8,130,2.000000,271.050000,270.050000,93,4500,10,0,0,0,0,mq,30,20,10,99930,mq,mq,140,mq,mq,mq,mq,mq,mq,mq,2.600000,2.600000,-10,4,0.000000,0.000000,-30,0.000000,0.000000,0.000000,0.000000,0.000000,mq,mq,mq,mq,mq,mq,mq,mq,mq,mq,mq,mq,mq,mq,mq,mq,
7481,20190206060000,102990,0,5,150,0.500000,270.350000,269.550000,94,3830,10,0,0,40,3,mq,35,20,10,99930,mq,mq,100,270.350000,mq,276.150000,mq,mq,mq,mq,1.100000,2.300000,-10,4,0.000000,0.000000,-60,0.000000,0.000000,0.000000,0.000000,0.000000,mq,mq,mq,mq,3,6,720,mq,mq,mq,mq,mq,mq,mq,mq,mq,
7481,20190206090000,102960,10,3,130,2.000000,273.850000,272.050000,88,4500,10,2,2,90,3,mq,35,20,11,99940,mq,mq,-20,mq,mq,mq,mq,mq,mq,mq,4.100000,4.100000,-10,4,0.000000,0.000000,-30,0.000000,0.000000,0.000000,0.000000,0.000000,mq,mq,mq,mq,3,6,720,5,0,8000,mq,mq,mq,mq,mq,mq,
7481,20190206120000,102740,-170,8,120,1.900000,278.350000,273.350000,70,8000,2,2,2,60,0,mq,30,20,11,99770,mq,mq,-150,mq,mq,mq,mq,mq,mq,mq,2.800000,5.200000,-10,1,0.000000,0.000000,-60,0.000000,0.000000,0.000000,0.000000,0.000000,mq,mq,mq,mq,5,0,8000,mq,mq,mq,mq,mq,mq,mq,mq,mq,
7481,20190206150000,102480,-220,6,90,1.500000,281.050000,273.050000,57,12000,1,0,0,25,0,mq,30,20,11,99550,mq,mq,-280,mq,mq,mq,mq,mq,mq,mq,3.800000,4.300000,-10,1,0.000000,0.000000,-30,0.000000,0.000000,0.000000,0.000000,0.000000,mq,mq,mq,mq,2,0,8000,mq,mq,mq,mq,mq,mq,mq,mq,mq,
7481,20190206180000,102410,-100,6,130,3.000000,277.850000,273.050000,71,12000,1,0,0,50,0,mq,30,20,11,99450,mq,mq,-440,270.250000,mq,282.350000,mq,mq,mq,mq,5.900000,9.900000,-10,1,0.000000,0.000000,-60,0.000000,0.000000,0.000000,0.000000,0.000000,mq,mq,mq,mq,4,0,8000,mq,mq,mq,mq,mq,mq,mq,mq,mq,
7481,20190206210000,102370,-70,6,0,0.000000,275.250000,272.350000,81,9000,2,1,1,60,0,mq,30,20,11,99380,mq,mq,-580,mq,mq,mq,mq,mq,mq,mq,1.000000,5.600000,-10,1,0.000000,0.000000,-30,0.000000,0.000000,0.000000,0.000000,0.000000,mq,mq,mq,mq,5,0,8000,mq,mq,mq,mq,mq,mq,mq,mq,mq,
7481,20190207000000,102270,-100,8,180,3.300000,275.050000,271.450000,77,7000,3,2,2,75,0,7000,30,20,11,99280,mq,mq,-660,mq,mq,mq,mq,mq,mq,mq,4.400000,6.400000,-10,1,0.000000,0.000000,-60,0.000000,0.000000,0.000000,0.000000,0.000000,mq,mq,mq,mq,6,0,7000,mq,mq,mq,mq,mq,mq,mq,mq,mq,
7481,20190207030000,102160,-110,6,160,2.600000,274.050000,271.850000,85,7000,2,2,2,100,5,5500,30,25,18,99170,mq,mq,-760,mq,mq,mq,mq,mq,mq,mq,4.700000,5.500000,-10,1,0.000000,0.000000,-30,0.000000,0.000000,0.000000,0.000000,0.000000,mq,mq,mq,mq,5,3,5500,7,2,6500,mq,mq,mq,mq,mq,mq,
7481,20190207090000,102130,40,3,170,1.500000,275.850000,273.550000,85,7000,61,6,2,100,7,mq,35,mq,mq,99160,mq,mq,-780,mq,mq,mq,mq,mq,mq,mq,1.900000,4.000000,-10,1,0.000000,0.000000,-30,0.200000,0.200000,0.200000,0.200000,0.200000,mq,mq,mq,mq,7,6,1600,mq,mq,mq,mq,mq,mq,mq,mq,mq,
7481,20190207120000,102050,-60,8,130,1.700000,277.950000,276.150000,88,9000,21,6,2,100,7,mq,38,mq,mq,99100,mq,mq,-670,mq,mq,mq,mq,mq,mq,mq,2.700000,4.500000,-10,1,0.000000,0.000000,-60,0.200000,1.000000,1.200000,1.200000,1.200000,mq,mq,mq,mq,5,6,1300,7,6,2000,mq,mq,mq,mq,mq,mq,
7481,20190207150000,101940,-80,6,150,1.200000,280.450000,277.250000,80,18490,0,2,2,100,1,1250,mq,mq,mq,99020,mq,mq,-530,mq,mq,mq,mq,mq,mq,mq,2.300000,4.300000,-10,1,0.000000,mq,mq,0.000000,0.000000,1.000000,1.200000,1.200000,mq,mq,mq,mq,1,mq,1290,8,mq,1620,mq,8,mq,mq,mq,mq,
7481,20190207180000,102230,260,1,150,1.200000,278.450000,277.450000,93,6000,1,6,2,75,2,mq,35,27,mq,99280,mq,mq,-170,274.650000,mq,280.950000,mq,mq,mq,mq,2.100000,4.300000,-10,1,0.000000,0.000000,-60,-0.100000,1.000000,1.000000,2.200000,2.200000,mq,mq,mq,mq,2,6,2400,6,3,3200,mq,mq,mq,mq,mq,mq,
7481,20190207210000,102410,160,1,140,4.000000,276.650000,276.050000,96,3240,10,0,0,75,6,1750,mq,mq,mq,99440,mq,mq,60,mq,mq,mq,mq,mq,mq,mq,4.900000,6.100000,-10,1,0.000000,mq,mq,0.000000,0.000000,1.000000,2.000000,2.200000,mq,mq,mq,mq,6,mq,1560,mq,mq,mq,mq,mq,mq,mq,mq,mq,
7481,20190208000000,102480,40,1,270,1.200000,273.950000,273.550000,97,130,41,4,4,50,4,1250,35,20,10,99480,mq,mq,200,mq,mq,mq,mq,mq,mq,mq,2.400000,2.700000,-10,1,0.000000,0.000000,-60,0.000000,0.000000,0.000000,1.000000,2.200000,mq,mq,mq,mq,1,6,1200,4,6,1600,mq,mq,mq,mq,mq,mq,
7481,20190208030000,102400,-70,8,190,1.800000,275.150000,274.850000,98,2750,10,2,2,90,7,80,35,mq,mq,99410,mq,mq,240,mq,mq,mq,mq,mq,mq,mq,2.600000,3.400000,-10,1,0.000000,0.000000,-30,0.000000,0.000000,0.000000,1.000000,2.200000,mq,mq,mq,mq,1,7,90,7,6,1600,mq,mq,mq,mq,mq,mq,
7481,20190208060000,102310,-100,6,150,1.800000,273.750000,273.350000,97,2750,10,0,0,10,1,80,36,20,11,99310,mq,mq,190,273.550000,mq,278.450000,mq,mq,mq,mq,2.800000,3.500000,-10,1,0.000000,0.000000,-60,0.000000,0.000000,0.000000,0.000000,2.200000,mq,mq,mq,mq,1,7,90,1,0,7000,mq,mq,mq,mq,mq,mq,
7481,20190208090000,102320,30,1,140,4.000000,275.650000,274.950000,95,8000,3,2,2,90,0,mq,30,20,12,99340,mq,mq,180,mq,mq,mq,mq,mq,mq,mq,5.800000,5.800000,-10,1,0.000000,0.000000,-30,0.000000,0.000000,0.000000,0.000000,2.000000,mq,mq,mq,mq,7,0,7000,mq,mq,mq,mq,mq,mq,mq,mq,mq,
7481,20190208120000,102050,-200,8,140,2.000000,281.150000,276.450000,72,30000,3,2,2,90,0,6000,30,20,12,99140,mq,mq,40,mq,mq,mq,mq,mq,mq,mq,2.800000,3.800000,-10,1,0.000000,0.000000,-60,0.000000,0.000000,0.000000,0.000000,1.000000,mq,mq,mq,mq,2,0,6000,7,0,7000,mq,mq,mq,mq,mq,mq,
7481,20190208150000,101800,-240,6,120,2.800000,282.150000,275.250000,62,30000,2,2,2,90,2,4500,30,23,12,98900,mq,mq,-120,mq,mq,mq,mq,mq,mq,mq,3.900000,4.400000,-10,1,0.000000,0.000000,-30,0.000000,0.000000,0.000000,0.000000,1.000000,mq,mq,mq,mq,2,3,4500,7,0,7000,mq,mq,mq,mq,mq,mq,
7481,20190208180000,101800,-40,5,140,3.900000,278.150000,275.350000,82,25000,2,2,2,90,0,mq,30,20,12,98860,mq,mq,-420,273.650000,mq,282.350000,mq,mq,mq,mq,5.900000,6.900000,-10,1,0.000000,0.000000,-60,0.000000,0.000000,0.000000,0.000000,0.000000,mq,mq,mq,mq,7,0,8000,mq,mq,mq,mq,mq,mq,mq,mq,mq,
7481,20190208210000,101760,-20,8,150,4.800000,280.150000,274.450000,67,40000,2,0,0,40,0,mq,30,20,11,98840,mq,mq,-600,mq,mq,mq,mq,mq,mq,mq,8.500000,8.500000,-10,1,0.000000,0.000000,-30,0.000000,0.000000,0.000000,0.000000,0.000000,mq,mq,mq,mq,3,0,7500,mq,mq,mq,mq,mq,mq,mq,mq,mq,
7481,20190209000000,101760,20,0,190,9.400000,281.850000,273.350000,55,50000,3,2,2,100,3,4600,30,23,18,98860,mq,mq,-620,mq,mq,mq,mq,mq,mq,mq,13.500000,16.600000,-10,1,0.000000,0.000000,-60,0.000000,0.000000,0.000000,0.000000,0.000000,mq,mq,mq,mq,3,3,4600,8,2,5600,mq,mq,mq,mq,mq,mq,
7481,20190209030000,101850,90,1,170,5.300000,282.450000,273.350000,53,25000,2,2,2,90,7,mq,30,27,mq,98950,mq,mq,-460,mq,mq,mq,mq,mq,mq,mq,8.700000,9.600000,-10,1,0.000000,0.000000,-30,0.000000,0.000000,0.000000,0.000000,0.000000,mq,mq,mq,mq,7,3,3000,mq,mq,mq,mq,mq,mq,mq,mq,mq,
7481,20190209060000,101860,10,3,180,7.000000,282.150000,274.050000,57,50000,2,2,2,100,7,1750,35,mq,mq,98960,mq,mq,-350,277.650000,mq,282.750000,mq,mq,mq,mq,10.400000,11.600000,-10,0,0.000000,0.000000,-60,0.000000,0.000000,0.000000,0.000000,0.000000,mq,mq,mq,mq,7,6,1500,mq,mq,mq,mq,mq,mq,mq,mq,mq,
7481,20190209090000,101980,130,0,190,5.500000,283.050000,275.650000,60,50000,1,2,2,90,1,1750,35,23,11,99090,mq,mq,-250,mq,mq,mq,mq,mq,mq,mq,8.200000,8.400000,-10,0,0.000000,0.000000,-30,0.000000,-0.100000,-0.100000,-0.100000,-0.100000,mq,mq,mq,mq,1,6,1600,3,3,2500,5,0,9000,mq,mq,mq,
7481,20190209120000,102010,50,0,180,5.500000,285.650000,276.850000,55,50000,2,2,2,90,2,1750,35,23,12,99140,mq,mq,0,mq,mq,mq,mq,mq,mq,mq,8.300000,9.400000,-10,0,0.000000,0.000000,-60,0.000000,0.000000,-0.100000,-0.100000,-0.100000,mq,mq,mq,mq,2,6,1700,2,3,3000,7,0,6000,mq,mq,mq,
7481,20190209150000,101900,-110,7,180,4.000000,285.250000,277.250000,58,50000,2,2,2,100,3,1750,35,27,mq,99030,mq,mq,130,mq,mq,mq,mq,mq,mq,mq,5.600000,6.300000,-10,0,0.000000,0.000000,-30,0.000000,0.000000,0.000000,-0.100000,-0.100000,mq,mq,mq,mq,3,6,1700,7,3,4000,mq,mq,mq,mq,mq,mq,
7481,20190209180000,101840,-70,7,150,3.000000,284.050000,277.550000,64,60000,2,2,2,100,2,1750,35,27,mq,98960,mq,mq,100,281.050000,mq,286.350000,mq,mq,mq,mq,4.200000,6.200000,-10,0,0.000000,0.000000,-60,0.000000,0.000000,0.000000,-0.100000,-0.100000,mq,mq,mq,mq,2,6,1800,7,3,4700,mq,mq,mq,mq,mq,mq,
7481,20190209210000,101760,-80,7,160,4.400000,283.650000,277.750000,67,50000,1,2,2,100,7,4400,30,27,mq,98880,mq,mq,40,mq,mq,mq,mq,mq,mq,mq,6.000000,6.600000,-10,0,0.000000,0.000000,-30,0.000000,0.000000,0.000000,0.000000,-0.100000,mq,mq,mq,mq,7,3,4400,mq,mq,mq,mq,mq,mq,mq,mq,mq,
7481,20190210000000,101600,-160,8,170,5.500000,283.050000,278.250000,72,50000,1,2,2,100,7,4500,30,27,mq,98720,mq,mq,-140,mq,mq,mq,mq,mq,mq,mq,8.200000,9.400000,-10,0,0.000000,0.000000,-60,0.000000,0.000000,0.000000,0.000000,-0.100000,mq,mq,mq,mq,7,3,4500,mq,mq,mq,mq,mq,mq,mq,mq,mq,
7481,20190210030000,101330,-260,7,190,8.900000,283.550000,278.150000,69,30000,3,2,2,100,2,2250,35,27,mq,98460,mq,mq,-490,mq,mq,mq,mq,mq,mq,mq,14.000000,14.700000,-10,0,0.000000,0.000000,-30,0.000000,0.000000,0.000000,0.000000,-0.100000,mq,mq,mq,mq,2,6,2000,7,3,2800,mq,mq,mq,mq,mq,mq,
7481,20190210060000,101170,-150,8,190,12.100000,283.750000,277.450000,65,50000,3,2,2,100,8,3600,30,27,mq,98310,mq,mq,-650,282.850000,mq,284.050000,mq,mq,mq,mq,17.700000,17.800000,-10,0,0.000000,0.000000,-60,0.000000,0.000000,0.000000,0.000000,-0.100000,mq,mq,mq,mq,2,3,3600,8,3,4200,mq,mq,mq,mq,mq,mq,
7481,20190210090000,101020,-150,7,190,9.600000,283.950000,278.250000,68,40000,3,2,2,100,8,mq,30,27,mq,98160,mq,mq,-930,mq,mq,mq,mq,mq,mq,mq,15.100000,15.100000,-10,0,0.000000,0.000000,-30,0.000000,0.000000,0.000000,0.000000,0.000000,mq,mq,mq,mq,8,3,3900,mq,mq,mq,mq,mq,mq,mq,mq,mq,
7481,20190210120000,100830,-180,8,190,12.800000,284.250000,279.550000,73,25000,3,2,2,100,8,2250,30,27,mq,97980,mq,mq,-1160,mq,mq,mq,mq,mq,mq,mq,20.000000,20.400000,-10,0,0.000000,0.000000,-60,0.000000,-0.100000,-0.100000,-0.100000,-0.100000,mq,mq,mq,mq,2,3,2100,4,3,2700,7,3,3700,mq,mq,mq,
7481,20190210150000,100990,150,3,210,8.500000,283.250000,281.050000,86,12000,21,6,2,90,7,1250,32,mq,mq,98130,mq,mq,-900,mq,mq,mq,mq,mq,mq,mq,13.500000,17.400000,-10,1,0.000000,0.000000,-30,1.400000,1.600000,1.600000,1.600000,1.600000,mq,mq,mq,mq,4,8,1100,7,6,2000,mq,mq,mq,mq,mq,mq,
7481,20190210180000,101530,500,1,260,4.800000,281.250000,273.250000,57,60000,0,0,0,mq,0,mq,mq,mq,mq,98630,mq,mq,-330,281.150000,mq,284.950000,mq,mq,mq,mq,6.500000,15.900000,-10,mq,0.000000,mq,mq,0.000000,0.400000,2.000000,2.000000,2.000000,mq,mq,mq,mq,mq,mq,mq,mq,mq,mq,mq,mq,mq,mq,mq,mq,
7481,20190210210000,101720,180,1,250,5.400000,280.650000,273.650000,61,50000,3,2,2,90,7,mq,35,mq,mq,98810,mq,mq,-70,mq,mq,mq,mq,mq,mq,mq,9.600000,10.600000,-10,1,0.000000,0.000000,-30,0.000000,0.000000,0.400000,2.000000,2.000000,mq,mq,mq,mq,7,6,1800,mq,mq,mq,mq,mq,mq,mq,mq,mq,
7481,20190211000000,101970,200,3,270,3.900000,277.050000,275.250000,88,30000,21,6,2,90,7,800,35,mq,mq,99010,mq,mq,290,mq,mq,mq,mq,mq,mq,mq,11.900000,15.800000,-10,1,0.000000,0.000000,-60,1.400000,1.400000,1.400000,3.400000,3.400000,mq,mq,mq,mq,4,6,660,7,6,1000,mq,mq,mq,mq,mq,mq,
7481,20190211030000,102050,80,3,270,3.700000,277.250000,274.450000,82,30000,3,1,1,75,5,1250,38,25,10,99090,mq,mq,630,mq,mq,mq,mq,mq,mq,mq,5.000000,5.700000,-10,1,0.000000,0.000000,-30,0.000000,-0.100000,1.400000,1.800000,3.400000,mq,mq,mq,mq,2,8,1100,5,6,1300,5,3,4500,mq,mq,mq,
7481,20190211060000,102250,190,3,40,1.000000,276.550000,274.950000,89,10000,25,8,6,90,7,mq,38,mq,mq,99280,mq,mq,970,276.150000,mq,281.150000,mq,mq,mq,mq,1.600000,5.600000,-10,1,0.000000,0.000000,-60,0.400000,0.400000,0.400000,1.800000,3.800000,mq,mq,mq,mq,2,8,700,5,6,900,7,6,1900,mq,mq,mq,
7481,20190211090000,102520,270,3,340,1.500000,277.350000,275.350000,87,8000,80,8,7,90,7,800,38,mq,mq,99550,mq,mq,1390,mq,mq,mq,mq,mq,mq,mq,2.100000,4.300000,-10,2,0.000000,0.000000,-30,1.000000,1.000000,1.400000,2.800000,4.800000,mq,mq,mq,mq,3,8,700,3,6,1400,6,6,1900,mq,mq,mq,
7481,20190211120000,102630,130,1,340,3.200000,279.650000,276.250000,79,30000,1,1,1,75,6,800,38,20,10,99680,mq,mq,1700,mq,mq,mq,mq,mq,mq,mq,5.200000,5.700000,-10,1,0.000000,0.000000,-60,-0.100000,1.400000,2.400000,2.800000,6.200000,mq,mq,mq,mq,1,8,600,3,8,800,5,6,1300,mq,mq,mq,
7481,20190211150000,102730,90,3,360,4.400000,278.650000,275.950000,83,6000,80,8,6,90,7,800,38,mq,mq,99770,mq,mq,1640,mq,mq,mq,mq,mq,mq,mq,6.500000,6.700000,-10,2,0.000000,0.000000,-30,0.800000,0.800000,2.200000,3.600000,5.400000,mq,mq,mq,mq,3,8,600,7,6,900,mq,mq,mq,mq,mq,mq,
7481,20190211180000,102950,210,3,0,0.000000,278.250000,276.050000,86,50000,1,2,2,90,7,mq,35,23,mq,99980,mq,mq,1350,276.150000,mq,280.350000,mq,mq,mq,mq,0.700000,3.400000,-10,1,0.000000,0.000000,-60,0.000000,-0.100000,0.800000,3.200000,5.000000,mq,mq,mq,mq,5,6,1300,6,3,2600,mq,mq,mq,mq,mq,mq,
7481,20190211210000,103210,250,3,90,1.100000,277.850000,276.850000,93,15000,21,6,2,90,7,450,35,mq,mq,100230,mq,mq,1420,mq,mq,mq,mq,mq,mq,mq,1.600000,7.400000,-10,1,0.000000,0.000000,-30,-0.100000,-0.100000,-0.100000,2.200000,5.000000,mq,mq,mq,mq,4,6,500,7,6,700,mq,mq,mq,mq,mq,mq,
7481,20190212000000,103340,110,1,360,2.300000,276.450000,275.550000,94,25000,1,0,0,10,1,mq,35,25,10,100340,mq,mq,1330,mq,mq,mq,mq,mq,mq,mq,2.800000,3.100000,-10,1,0.000000,0.000000,-60,0.000000,0.600000,0.600000,1.400000,4.200000,mq,mq,mq,mq,1,6,1500,1,3,4000,mq,mq,mq,mq,mq,mq,
7481,20190212030000,103450,90,1,340,3.600000,274.950000,274.350000,96,15000,3,0,0,25,2,250,36,20,10,100430,mq,mq,1340,mq,mq,mq,mq,mq,mq,mq,4.300000,4.300000,-10,1,0.000000,0.000000,-30,0.000000,0.000000,0.600000,0.600000,4.200000,mq,mq,mq,mq,2,7,240,mq,mq,mq,mq,mq,mq,mq,mq,mq,
7481,20190212060000,103480,30,2,350,4.600000,275.250000,274.950000,98,10000,1,2,2,100,8,150,36,mq,mq,100460,mq,mq,1180,274.750000,mq,278.250000,mq,mq,mq,mq,6.100000,6.300000,-10,1,0.000000,0.000000,-60,0.000000,0.000000,0.000000,0.600000,3.800000,mq,mq,mq,mq,8,7,100,mq,mq,mq,mq,mq,mq,mq,mq,mq,
7481,20190212090000,103710,230,1,350,4.100000,275.850000,274.950000,94,16000,1,2,2,90,7,250,36,mq,mq,100690,mq,mq,1140,mq,mq,mq,mq,mq,mq,mq,5.600000,6.400000,-10,1,0.000000,0.000000,-30,0.000000,0.000000,0.000000,0.600000,2.800000,mq,mq,mq,mq,7,7,210,mq,mq,mq,mq,mq,mq,mq,mq,mq,
7481,20190212120000,103730,40,0,30,3.700000,277.450000,274.850000,83,30000,1,2,2,90,6,450,35,20,11,100730,mq,mq,1050,mq,mq,mq,mq,mq,mq,mq,5.500000,5.700000,-10,1,0.000000,0.000000,-60,0.000000,0.000000,0.000000,0.000000,1.400000,mq,mq,mq,mq,6,6,390,1,0,9000,mq,mq,mq,mq,mq,mq,
7481,20190212150000,103540,-160,6,10,5.700000,279.850000,274.350000,68,40000,1,2,2,60,1,800,31,23,11,100570,mq,mq,800,mq,mq,mq,mq,mq,mq,mq,7.900000,7.900000,-10,1,0.000000,0.000000,-30,0.000000,0.000000,0.000000,0.000000,0.600000,mq,mq,mq,mq,1,8,700,1,3,5200,4,0,9000,mq,mq,mq,
7481,20190212180000,103570,0,5,360,3.500000,277.650000,273.550000,75,30000,1,0,0,40,0,mq,30,20,11,100570,mq,mq,590,275.250000,mq,280.050000,mq,mq,mq,mq,4.400000,5.500000,-10,1,0.000000,0.000000,-60,0.000000,0.000000,0.000000,0.000000,0.600000,mq,mq,mq,mq,3,0,9000,mq,mq,mq,mq,mq,mq,mq,mq,mq,
7481,20190212210000,103600,10,2,340,2.400000,275.650000,273.750000,87,18000,2,0,0,40,0,mq,30,20,11,100580,mq,mq,350,mq,mq,mq,mq,mq,mq,mq,3.100000,5.800000,-10,0,0.000000,0.000000,-30,0.000000,0.000000,0.000000,0.000000,0.600000,mq,mq,mq,mq,3,0,9000,mq,mq,mq,mq,mq,mq,mq,mq,mq,
7481,20190213000000,103590,-30,7,340,2.800000,273.850000,273.150000,95,7000,3,1,1,90,7,250,36,mq,mq,100550,mq,mq,210,mq,mq,mq,mq,mq,mq,mq,4.800000,4.800000,-10,1,0.000000,0.000000,-60,0.000000,0.000000,0.000000,0.000000,0.000000,mq,mq,mq,mq,7,7,200,mq,mq,mq,mq,mq,mq,mq,mq,mq,
7481,20190213030000,103610,30,1,300,0.600000,274.250000,273.250000,93,8000,2,2,2,100,8,150,36,mq,mq,100580,mq,mq,150,mq,mq,mq,mq,mq,mq,mq,2.700000,3.500000,-10,1,0.000000,0.000000,-30,0.000000,0.000000,0.000000,0.000000,0.000000,mq,mq,mq,mq,8,7,180,mq,mq,mq,mq,mq,mq,mq,mq,mq,
7481,20190213060000,103670,50,0,270,0.500000,274.250000,273.050000,92,9000,1,2,2,100,8,250,36,mq,mq,100630,mq,mq,170,273.650000,mq,277.550000,mq,mq,mq,mq,1.600000,2.100000,-10,1,0.000000,0.000000,-60,0.000000,0.000000,0.000000,0.000000,0.000000,mq,mq,mq,mq,8,7,240,mq,mq,mq,mq,mq,mq,mq,mq,mq,
7481,20190213090000,103740,80,0,260,0.800000,275.250000,273.450000,88,8000,1,0,0,40,3,450,31,20,10,100710,mq,mq,20,mq,mq,mq,mq,mq,mq,mq,1.400000,2.000000,-10,1,0.000000,0.000000,-30,0.000000,0.000000,0.000000,0.000000,0.000000,mq,mq,mq,mq,3,8,300,mq,mq,mq,mq,mq,mq,mq,mq,mq,
7481,20190213120000,103640,-50,8,0,0.000000,279.650000,273.950000,67,11000,1,0,0,25,1,450,31,20,11,100660,mq,mq,-70,mq,mq,mq,mq,mq,mq,mq,1.200000,3.200000,-10,1,0.000000,0.000000,-60,0.000000,0.000000,0.000000,0.000000,0.000000,mq,mq,mq,mq,1,8,450,2,0,8000,mq,mq,mq,mq,mq,mq,
7481,20190213150000,103480,-130,6,40,1.600000,281.750000,274.450000,60,15000,3,0,0,40,0,8000,30,20,11,100530,mq,mq,-40,mq,mq,mq,mq,mq,mq,mq,3.200000,3.800000,-10,0,0.000000,0.000000,-30,0.000000,0.000000,0.000000,0.000000,0.000000,mq,mq,mq,mq,3,0,8000,mq,mq,mq,mq,mq,mq,mq,mq,mq,
7481,20190213180000,103530,20,3,40,1.000000,278.650000,274.950000,77,12000,2,0,0,40,0,8000,30,20,11,100550,mq,mq,-20,273.950000,mq,282.050000,mq,mq,mq,mq,1.300000,3.300000,-10,0,0.000000,0.000000,-60,0.000000,0.000000,0.000000,0.000000,0.000000,mq,mq,mq,mq,3,0,8000,mq,mq,mq,mq,mq,mq,mq,mq,mq,
7481,20190213210000,103620,60,3,90,1.900000,276.550000,274.250000,85,7000,2,0,0,0,0,mq,30,20,10,100610,mq,mq,30,mq,mq,mq,mq,mq,mq,mq,2.400000,2.400000,-10,0,0.000000,0.000000,-30,0.000000,0.000000,0.000000,0.000000,0.000000,mq,mq,mq,mq,mq,mq,mq,mq,mq,mq,mq,mq,mq,mq,mq,mq,
7481,20190214000000,103680,50,2,170,1.200000,275.650000,274.350000,91,7000,2,0,0,0,0,mq,30,20,10,100660,mq,mq,110,mq,mq,mq,mq,mq,mq,mq,2.800000,2.800000,-10,0,0.000000,0.000000,-60,0.000000,0.000000,0.000000,0.000000,0.000000,mq,mq,mq,mq,mq,mq,mq,mq,mq,mq,mq,mq,mq,mq,mq,mq,
7481,20190214030000,103660,-30,7,140,4.600000,274.750000,271.650000,80,7000,2,0,0,0,0,mq,30,20,10,100630,mq,mq,50,mq,mq,mq,mq,mq,mq,mq,6.100000,6.100000,-10,0,0.000000,0.000000,-30,0.000000,0.000000,0.000000,0.000000,0.000000,mq,mq,mq,mq,mq,mq,mq,mq,mq,mq,mq,mq,mq,mq,mq,mq,
7481,20190214060000,103710,20,0,0,0.000000,272.550000,271.850000,95,5070,2,0,0,0,0,mq,30,20,10,100650,mq,mq,20,272.150000,mq,278.650000,mq,mq,mq,mq,0.800000,1.600000,-10,0,0.000000,0.000000,-60,0.000000,0.000000,0.000000,0.000000,0.000000,mq,mq,mq,mq,mq,mq,mq,mq,mq,mq,mq,mq,mq,mq,mq,mq,
7481,20190214090000,103670,10,0,130,3.000000,276.250000,274.650000,89,20000,2,0,0,0,0,mq,30,20,10,100660,mq,mq,-50,mq,mq,mq,mq,mq,mq,mq,4.500000,4.500000,-10,0,0.000000,0.000000,-30,0.000000,0.000000,0.000000,0.000000,0.000000,mq,mq,mq,mq,mq,mq,mq,mq,mq,mq,mq,mq,mq,mq,mq,mq,
7481,20190214120000,103480,-80,8,130,3.300000,286.750000,274.050000,42,45000,2,0,0,0,0,mq,30,20,10,100580,mq,mq,-80,mq,mq,mq,mq,mq,mq,mq,5.200000,5.300000,-10,0,0.000000,0.000000,-60,0.000000,0.000000,0.000000,0.000000,0.000000,mq,mq,mq,mq,mq,mq,mq,mq,mq,mq,mq,mq,mq,mq,mq,mq,
7481,20190214150000,103240,-210,6,110,2.700000,288.850000,273.850000,36,55000,3,0,0,10,0,8000,30,20,11,100370,mq,mq,-160,mq,mq,mq,mq,mq,mq,mq,4.000000,4.600000,-10,0,0.000000,0.000000,-30,0.000000,0.000000,0.000000,0.000000,0.000000,mq,mq,mq,mq,1,0,8000,mq,mq,mq,mq,mq,mq,mq,mq,mq,
7481,20190214180000,103210,-80,6,140,3.200000,284.250000,273.050000,46,40000,2,0,0,10,0,8000,30,20,11,100290,mq,mq,-260,271.850000,mq,289.250000,mq,mq,mq,mq,4.000000,4.000000,-10,0,0.000000,0.000000,-60,0.000000,0.000000,0.000000,0.000000,0.000000,mq,mq,mq,mq,1,0,8000,mq,mq,mq,mq,mq,mq,mq,mq,mq,
7481,20190214210000,103250,0,4,150,2.200000,279.950000,272.950000,61,22000,2,0,0,40,0,8000,30,20,11,100290,mq,mq,-320,mq,mq,mq,mq,mq,mq,mq,3.300000,3.300000,-10,0,0.000000,0.000000,-30,0.000000,0.000000,0.000000,0.000000,0.000000,mq,mq,mq,mq,3,0,8000,mq,mq,mq,mq,mq,mq,mq,mq,mq,
7481,20190215000000,103280,30,2,170,0.800000,280.150000,271.950000,56,20000,2,0,0,0,0,mq,30,20,10,100320,mq,mq,-340,mq,mq,mq,mq,mq,mq,mq,1.900000,3.400000,-10,0,0.000000,0.000000,-60,0.000000,0.000000,0.000000,0.000000,0.000000,mq,mq,mq,mq,mq,mq,mq,mq,mq,mq,mq,mq,mq,mq,mq,mq,
7481,20190215030000,103300,-40,8,190,0.500000,274.650000,271.450000,79,18000,2,0,0,0,0,mq,30,20,10,100280,mq,mq,-350,mq,mq,mq,mq,mq,mq,mq,1.200000,2.200000,-10,0,0.000000,0.000000,-30,0.000000,0.000000,0.000000,0.000000,0.000000,mq,mq,mq,mq,mq,mq,mq,mq,mq,mq,mq,mq,mq,mq,mq,mq,
7481,20190215060000,103300,-10,5,0,0.000000,273.550000,271.650000,87,14000,2,0,0,0,0,mq,30,20,10,100270,mq,mq,-380,273.450000,mq,284.250000,mq,mq,mq,mq,1.600000,1.600000,-10,0,0.000000,0.000000,-60,0.000000,0.000000,0.000000,0.000000,0.000000,mq,mq,mq,mq,mq,mq,mq,mq,mq,mq,mq,mq,mq,mq,mq,mq,
7481,20190215090000,103300,40,0,240,1.200000,277.150000,274.050000,80,12000,2,0,0,0,0,mq,30,20,10,100310,mq,mq,-350,mq,mq,mq,mq,mq,mq,mq,1.900000,1.900000,-10,0,0.000000,0.000000,-30,0.000000,0.000000,0.000000,0.000000,0.000000,mq,mq,mq,mq,mq,mq,mq,mq,mq,mq,mq,mq,mq,mq,mq,mq,
7481,20190215120000,103120,-100,8,110,1.000000,285.050000,276.750000,57,16000,2,0,0,0,0,mq,30,20,10,100210,mq,mq,-370,mq,mq,mq,mq,mq,mq,mq,2.700000,2.700000,-10,0,0.000000,0.000000,-60,0.000000,0.000000,0.000000,0.000000,0.000000,mq,mq,mq,mq,mq,mq,mq,mq,mq,mq,mq,mq,mq,mq,mq,mq,
7481,20190215150000,102870,-200,6,320,1.100000,289.150000,277.250000,45,20000,2,0,0,0,0,mq,30,20,10,100010,mq,mq,-360,mq,mq,mq,mq,mq,mq,mq,2.100000,2.100000,-10,0,0.000000,0.000000,-30,0.000000,0.000000,0.000000,0.000000,0.000000,mq,mq,mq,mq,mq,mq,mq,mq,mq,mq,mq,mq,mq,mq,mq,mq,
7481,20190215180000,102900,-20,5,0,0.000000,284.150000,276.150000,58,15000,2,0,0,0,0,mq,30,20,10,99990,mq,mq,-300,273.450000,mq,289.250000,mq,mq,mq,mq,0.700000,1.000000,-10,0,0.000000,0.000000,-60,0.000000,0.000000,0.000000,0.000000,0.000000,mq,mq,mq,mq,mq,mq,mq,mq,mq,mq,mq,mq,mq,mq,mq,mq,
7481,20190215210000,102930,10,2,130,4.800000,281.850000,274.950000,62,15000,2,0,0,0,0,mq,30,20,10,100000,mq,mq,-290,mq,mq,mq,mq,mq,mq,mq,5.500000,5.500000,-10,0,0.000000,0.000000,-30,0.000000,0.000000,0.000000,0.000000,0.000000,mq,mq,mq,mq,mq,mq,mq,mq,mq,mq,mq,mq,mq,mq,mq,mq,
7481,20190216000000,103030,50,3,150,4.300000,278.050000,273.650000,73,15000,2,0,0,0,0,mq,30,20,10,100050,mq,mq,-270,mq,mq,mq,mq,mq,mq,mq,5.300000,5.900000,-10,0,0.000000,0.000000,-60,0.000000,0.000000,0.000000,0.000000,0.000000,mq,mq,mq,mq,mq,mq,mq,mq,mq,mq,mq,mq,mq,mq,mq,mq,
7481,20190216030000,103030,-20,8,140,4.500000,276.250000,272.750000,78,15000,2,0,0,0,0,mq,30,20,10,100030,mq,mq,-250,mq,mq,mq,mq,mq,mq,mq,5.700000,7.100000,-10,0,0.000000,0.000000,-30,0.000000,0.000000,0.000000,0.000000,0.000000,mq,mq,mq,mq,mq,mq,mq,mq,mq,mq,mq,mq,mq,mq,mq,mq,
7481,20190216060000,103050,20,3,140,2.700000,275.650000,271.650000,75,15000,2,0,0,0,0,mq,30,20,10,100050,mq,mq,-220,275.050000,mq,284.050000,mq,mq,mq,mq,3.700000,4.900000,-10,0,0.000000,0.000000,-60,0.000000,0.000000,0.000000,0.000000,0.000000,mq,mq,mq,mq,mq,mq,mq,mq,mq,mq,mq,mq,mq,mq,mq,mq,
7481,20190216090000,103040,40,0,150,1.800000,280.250000,274.950000,69,30000,2,0,0,0,0,mq,30,20,10,100090,mq,mq,-220,mq,mq,mq,mq,mq,mq,mq,3.300000,3.800000,-10,0,0.000000,0.000000,-30,0.000000,0.000000,0.000000,0.000000,0.000000,mq,mq,mq,mq,mq,mq,mq,mq,mq,mq,mq,mq,mq,mq,mq,mq,
7481,20190216120000,102850,-90,8,160,5.300000,290.350000,271.650000,28,40000,2,0,0,0,0,mq,30,20,10,100000,mq,mq,-210,mq,mq,mq,mq,mq,mq,mq,8.800000,9.600000,-10,0,0.000000,0.000000,-60,0.000000,0.000000,0.000000,0.000000,0.000000,mq,mq,mq,mq,mq,mq,mq,mq,mq,mq,mq,mq,mq,mq,mq,mq,
7481,20190216150000,102660,-170,6,160,3.700000,291.850000,268.450000,20,40000,2,0,0,10,0,mq,30,20,11,99830,mq,mq,-180,mq,mq,mq,mq,mq,mq,mq,6.200000,9.700000,-10,0,0.000000,0.000000,-30,0.000000,0.000000,0.000000,0.000000,0.000000,mq,mq,mq,mq,1,0,8000,mq,mq,mq,mq,mq,mq,mq,mq,mq,
7481,20190216180000,102680,-20,5,160,5.500000,287.850000,267.950000,25,40000,2,0,0,0,0,mq,30,20,10,99810,mq,mq,-180,275.850000,mq,292.150000,mq,mq,mq,mq,8.800000,8.800000,-10,0,0.000000,0.000000,-60,0.000000,0.000000,0.000000,0.000000,0.000000,mq,mq,mq,mq,mq,mq,mq,mq,mq,mq,mq,mq,mq,mq,mq,mq,
7481,20190216210000,102740,40,3,140,3.400000,285.350000,271.750000,39,40000,2,0,0,0,0,mq,30,20,10,99850,mq,mq,-150,mq,mq,mq,mq,mq,mq,mq,7.100000,8.600000,-10,0,0.000000,0.000000,-30,0.000000,0.000000,0.000000,0.000000,0.000000,mq,mq,mq,mq,mq,mq,mq,mq,mq,mq,mq,mq,mq,mq,mq,mq,
7481,20190217000000,102740,-30,8,150,7.000000,283.050000,273.650000,52,30000,2,0,0,0,0,mq,30,20,10,99820,mq,mq,-230,mq,mq,mq,mq,mq,mq,mq,9.800000,9.800000,-10,0,0.000000,0.000000,-60,0.000000,0.000000,0.000000,0.000000,0.000000,mq,mq,mq,mq,mq,mq,mq,mq,mq,mq,mq,mq,mq,mq,mq,mq,
7481,20190217030000,102770,0,0,110,4.200000,280.250000,274.350000,66,20000,2,0,0,0,0,mq,30,20,10,99820,mq,mq,-210,mq,mq,mq,mq,mq,mq,mq,5.500000,7.100000,-10,0,0.000000,0.000000,-30,0.000000,0.000000,0.000000,0.000000,0.000000,mq,mq,mq,mq,mq,mq,mq,mq,mq,mq,mq,mq,mq,mq,mq,mq,
7481,20190217060000,102700,-70,6,140,5.700000,279.550000,273.250000,64,25000,2,0,0,0,0,mq,30,20,10,99750,mq,mq,-300,278.750000,mq,287.850000,mq,mq,mq,mq,8.000000,8.000000,-10,0,0.000000,0.000000,-60,0.000000,0.000000,0.000000,0.000000,0.000000,mq,mq,mq,mq,mq,mq,mq,mq,mq,mq,mq,mq,mq,mq,mq,mq,
7481,20190217090000,102700,40,0,130,5.200000,283.450000,274.750000,55,40000,2,0,0,0,0,mq,30,20,10,99790,mq,mq,-300,mq,mq,mq,mq,mq,mq,mq,7.800000,8.200000,-10,0,0.000000,0.000000,-30,0.000000,0.000000,0.000000,0.000000,0.000000,mq,mq,mq,mq,mq,mq,mq,mq,mq,mq,mq,mq,mq,mq,mq,mq,
7481,20190217120000,102530,-110,8,190,8.100000,289.050000,271.950000,31,40000,2,0,0,0,0,mq,30,20,10,99680,mq,mq,-320,mq,mq,mq,mq,mq,mq,mq,12.500000,12.500000,-10,0,0.000000,0.000000,-60,0.000000,0.000000,0.000000,0.000000,0.000000,mq,mq,mq,mq,mq,mq,mq,mq,mq,mq,mq,mq,mq,mq,mq,mq,
7481,20190217150000,102330,-190,6,180,7.300000,290.050000,271.850000,29,40000,2,0,0,0,0,mq,30,20,10,99490,mq,mq,-340,mq,mq,mq,mq,mq,mq,mq,10.700000,11.100000,-10,0,0.000000,0.000000,-30,0.000000,0.000000,0.000000,0.000000,0.000000,mq,mq,mq,mq,mq,mq,mq,mq,mq,mq,mq,mq,mq,mq,mq,mq,
7481,20190217180000,102370,0,5,130,4.000000,285.650000,275.250000,49,40000,2,0,0,0,0,mq,30,20,10,99490,mq,mq,-320,278.850000,mq,290.250000,mq,mq,mq,mq,5.600000,6.000000,-10,0,0.000000,0.000000,-60,0.000000,0.000000,0.000000,0.000000,0.000000,mq,mq,mq,mq,mq,mq,mq,mq,mq,mq,mq,mq,mq,mq,mq,mq,
7481,20190217210000,102440,50,2,160,3.800000,284.150000,276.150000,58,40000,2,0,0,0,0,mq,30,20,10,99540,mq,mq,-310,mq,mq,mq,mq,mq,mq,mq,5.800000,7.100000,-10,0,0.000000,0.000000,-30,0.000000,0.000000,0.000000,0.000000,0.000000,mq,mq,mq,mq,mq,mq,mq,mq,mq,mq,mq,mq,mq,mq,mq,mq,
7481,20190218000000,102490,40,2,180,7.100000,282.350000,277.750000,73,40000,2,0,0,0,0,mq,30,20,10,99580,mq,mq,-240,mq,mq,mq,mq,mq,mq,mq,11.000000,12.400000,-10,0,0.000000,0.000000,-60,0.000000,0.000000,0.000000,0.000000,0.000000,mq,mq,mq,mq,mq,mq,mq,mq,mq,mq,mq,mq,mq,mq,mq,mq,
7481,20190218030000,102420,-90,8,150,3.800000,280.450000,277.450000,81,30000,3,0,0,10,1,450,35,20,10,99490,mq,mq,-330,mq,mq,mq,mq,mq,mq,mq,7.200000,10.200000,-10,0,0.000000,0.000000,-30,0.000000,0.000000,0.000000,0.000000,0.000000,mq,mq,mq,mq,1,6,450,mq,mq,mq,mq,mq,mq,mq,mq,mq,
7481,20190218060000,102380,-50,6,140,2.900000,279.750000,276.550000,80,30000,2,0,0,0,0,mq,30,20,10,99440,mq,mq,-310,279.750000,mq,285.650000,mq,mq,mq,mq,4.400000,8.800000,-10,0,0.000000,0.000000,-60,0.000000,0.000000,0.000000,0.000000,0.000000,mq,mq,mq,mq,mq,mq,mq,mq,mq,mq,mq,mq,mq,mq,mq,mq,
7481,20190218090000,102360,10,2,180,7.400000,282.750000,277.150000,68,40000,2,0,0,0,0,mq,30,20,10,99450,mq,mq,-340,mq,mq,mq,mq,mq,mq,mq,10.400000,12.500000,-10,0,0.000000,0.000000,-30,0.000000,0.000000,0.000000,0.000000,0.000000,mq,mq,mq,mq,mq,mq,mq,mq,mq,mq,mq,mq,mq,mq,mq,mq,
7481,20190218120000,102210,-110,8,180,9.200000,286.450000,275.050000,46,40000,3,0,0,25,1,1250,31,20,11,99340,mq,mq,-340,mq,mq,mq,mq,mq,mq,mq,13.000000,14.500000,-10,0,0.000000,0.000000,-60,0.000000,0.000000,0.000000,0.000000,0.000000,mq,mq,mq,mq,1,8,1100,2,0,8000,mq,mq,mq,mq,mq,mq,
7481,20190218150000,102060,-130,6,210,7.800000,287.350000,273.950000,40,40000,2,0,0,25,0,mq,30,20,11,99210,mq,mq,-280,mq,mq,mq,mq,mq,mq,mq,11.600000,13.200000,-10,0,0.000000,0.000000,-30,0.000000,0.000000,0.000000,0.000000,0.000000,mq,mq,mq,mq,2,0,8000,mq,mq,mq,mq,mq,mq,mq,mq,mq,
7481,20190218180000,102130,30,3,190,7.400000,283.950000,276.450000,60,40000,2,0,0,25,0,mq,30,20,11,99240,mq,mq,-250,279.350000,mq,287.950000,mq,mq,mq,mq,12.500000,12.500000,-10,0,0.000000,0.000000,-60,0.000000,0.000000,0.000000,0.000000,0.000000,mq,mq,mq,mq,2,0,8000,mq,mq,mq,mq,mq,mq,mq,mq,mq,
7481,20190218210000,102250,100,3,160,3.700000,282.150000,277.350000,72,35000,3,0,0,25,0,8000,30,20,11,99340,mq,mq,-200,mq,mq,mq,mq,mq,mq,mq,7.200000,7.200000,-10,0,0.000000,0.000000,-30,0.000000,0.000000,0.000000,0.000000,0.000000,mq,mq,mq,mq,2,0,8000,mq,mq,mq,mq,mq,mq,mq,mq,mq,
7481,20190219000000,102330,50,2,140,2.900000,279.750000,276.150000,78,30000,2,0,0,40,0,8000,30,20,11,99390,mq,mq,-190,mq,mq,mq,mq,mq,mq,mq,3.900000,5.200000,-10,0,0.000000,0.000000,-60,0.000000,0.000000,0.000000,0.000000,0.000000,mq,mq,mq,mq,3,0,8000,mq,mq,mq,mq,mq,mq,mq,mq,mq,
7481,20190219030000,102300,-50,6,150,0.700000,277.250000,275.150000,86,20000,1,0,0,0,0,mq,30,20,10,99340,mq,mq,-150,mq,mq,mq,mq,mq,mq,mq,1.300000,4.200000,-10,0,0.000000,0.000000,-30,0.000000,0.000000,0.000000,0.000000,0.000000,mq,mq,mq,mq,mq,mq,mq,mq,mq,mq,mq,mq,mq,mq,mq,mq,
7481,20190219060000,102340,30,1,140,4.000000,276.950000,275.350000,89,10000,2,0,0,0,0,mq,30,20,10,99370,mq,mq,-70,275.450000,mq,283.950000,mq,mq,mq,mq,4.800000,4.800000,-10,0,0.000000,0.000000,-60,0.000000,0.000000,0.000000,0.000000,0.000000,mq,mq,mq,mq,mq,mq,mq,mq,mq,mq,mq,mq,mq,mq,mq,mq,
7481,20190219090000,102450,140,2,230,1.900000,279.850000,276.950000,82,15000,2,0,0,10,0,9000,30,20,11,99510,mq,mq,60,mq,mq,mq,mq,mq,mq,mq,2.600000,5.700000,-10,0,0.000000,0.000000,-30,mq,mq,mq,mq,0.000000,mq,mq,mq,mq,1,0,9000,mq,mq,mq,mq,mq,mq,mq,mq,mq,
7481,20190219120000,102360,-40,8,350,2.800000,284.450000,278.150000,65,20000,1,0,0,10,1,800,31,20,11,99470,mq,mq,130,mq,mq,mq,mq,mq,mq,mq,4.500000,4.500000,-10,0,0.000000,0.000000,-60,0.000000,0.000000,0.000000,0.000000,0.000000,mq,mq,mq,mq,1,8,900,1,0,9000,mq,mq,mq,mq,mq,mq,
7481,20190219150000,102160,-160,6,220,2.100000,288.150000,275.950000,44,40000,2,0,0,0,0,mq,30,20,10,99310,mq,mq,100,mq,mq,mq,mq,mq,mq,mq,4.100000,4.500000,-10,0,0.000000,0.000000,-30,0.000000,0.000000,0.000000,0.000000,0.000000,mq,mq,mq,mq,mq,mq,mq,mq,mq,mq,mq,mq,mq,mq,mq,mq,
7481,20190219180000,102190,-10,5,220,0.800000,283.650000,274.950000,55,40000,2,0,0,0,0,mq,30,20,10,99300,mq,mq,60,276.550000,mq,288.250000,mq,mq,mq,mq,1.100000,1.500000,-10,0,0.000000,0.000000,-60,0.000000,0.000000,0.000000,0.000000,0.000000,mq,mq,mq,mq,mq,mq,mq,mq,mq,mq,mq,mq,mq,mq,mq,mq,
7481,20190219210000,102330,90,1,140,3.700000,279.950000,275.650000,74,20000,2,0,0,0,0,mq,30,20,10,99390,mq,mq,50,mq,mq,mq,mq,mq,mq,mq,4.200000,4.400000,-10,0,0.000000,0.000000,-30,0.000000,0.000000,0.000000,0.000000,0.000000,mq,mq,mq,mq,mq,mq,mq,mq,mq,mq,mq,mq,mq,mq,mq,mq,
7481,20190220000000,102390,40,2,0,0.000000,277.350000,274.750000,83,13000,3,0,0,25,0,9000,30,20,11,99430,mq,mq,40,mq,mq,mq,mq,mq,mq,mq,1.100000,3.300000,-10,0,0.000000,0.000000,-60,0.000000,0.000000,0.000000,0.000000,0.000000,mq,mq,mq,mq,2,0,9000,mq,mq,mq,mq,mq,mq,mq,mq,mq,
7481,20190220030000,102420,20,0,150,1.200000,277.050000,274.950000,86,10000,2,0,0,25,0,mq,30,20,11,99450,mq,mq,110,mq,mq,mq,mq,mq,mq,mq,2.100000,3.200000,-10,0,0.000000,0.000000,-30,0.000000,0.000000,0.000000,0.000000,0.000000,mq,mq,mq,mq,2,0,9000,mq,mq,mq,mq,mq,mq,mq,mq,mq,
7481,20190220060000,102470,40,2,140,3.500000,276.050000,274.250000,88,8000,3,0,0,50,0,mq,30,20,11,99490,mq,mq,120,275.550000,mq,283.650000,mq,mq,mq,mq,4.200000,4.200000,-10,0,0.000000,0.000000,-60,0.000000,0.000000,0.000000,0.000000,0.000000,mq,mq,mq,mq,4,0,9000,mq,mq,mq,mq,mq,mq,mq,mq,mq,
7481,20190220090000,102580,150,1,160,1.500000,279.850000,275.950000,76,10000,1,1,1,40,0,8000,30,20,11,99640,mq,mq,130,mq,mq,mq,mq,mq,mq,mq,2.300000,3.700000,-10,0,0.000000,0.000000,-30,0.000000,0.000000,0.000000,0.000000,0.000000,mq,mq,mq,mq,3,0,8000,mq,mq,mq,mq,mq,mq,mq,mq,mq,
7481,20190220120000,102520,0,0,230,0.900000,285.950000,277.350000,56,15000,2,0,0,10,0,8000,30,20,11,99640,mq,mq,170,mq,mq,mq,mq,mq,mq,mq,2.200000,2.400000,-10,0,0.000000,0.000000,-60,0.000000,0.000000,0.000000,0.000000,0.000000,mq,mq,mq,mq,1,0,8000,mq,mq,mq,mq,mq,mq,mq,mq,mq,
7481,20190220150000,102450,-60,6,60,1.100000,287.150000,276.350000,48,25000,2,0,0,0,0,mq,30,20,10,99580,mq,mq,270,mq,mq,mq,mq,mq,mq,mq,2.400000,2.800000,-10,0,0.000000,0.000000,-30,0.000000,0.000000,0.000000,0.000000,0.000000,mq,mq,mq,mq,mq,mq,mq,mq,mq,mq,mq,mq,mq,mq,mq,mq,
7481,20190220180000,102530,50,3,0,0.000000,284.250000,276.050000,57,25000,3,0,0,40,0,8000,30,20,11,99630,mq,mq,330,275.850000,mq,287.650000,mq,mq,mq,mq,0.000000,1.300000,-10,0,0.000000,0.000000,-60,0.000000,0.000000,0.000000,0.000000,0.000000,mq,mq,mq,mq,3,0,8000,mq,mq,mq,mq,mq,mq,mq,mq,mq,
7481,20190220210000,102670,100,2,0,0.000000,280.450000,276.150000,74,15000,2,0,0,10,0,9000,30,20,11,99730,mq,mq,340,mq,mq,mq,mq,mq,mq,mq,0.000000,0.800000,-10,0,0.000000,0.000000,-30,0.000000,0.000000,0.000000,0.000000,0.000000,mq,mq,mq,mq,1,0,9000,mq,mq,mq,mq,mq,mq,mq,mq,mq,
7481,20190221000000,102800,100,3,150,2.300000,278.150000,275.350000,82,10000,2,0,0,10,0,9000,30,20,11,99830,mq,mq,400,mq,mq,mq,mq,mq,mq,mq,2.600000,2.600000,-10,0,0.000000,0.000000,-60,0.000000,0.000000,0.000000,0.000000,0.000000,mq,mq,mq,mq,1,0,9000,mq,mq,mq,mq,mq,mq,mq,mq,mq,
7481,20190221030000,102880,60,2,140,0.800000,276.750000,274.650000,86,7000,2,0,0,0,0,mq,30,20,10,99890,mq,mq,440,mq,mq,mq,mq,mq,mq,mq,2.500000,2.800000,-10,0,0.000000,0.000000,-30,0.000000,0.000000,0.000000,0.000000,0.000000,mq,mq,mq,mq,mq,mq,mq,mq,mq,mq,mq,mq,mq,mq,mq,mq,
7481,20190221060000,102940,50,3,0,0.000000,275.750000,274.250000,90,6000,2,0,0,0,0,mq,30,20,10,99940,mq,mq,450,275.150000,mq,284.250000,mq,mq,mq,mq,1.500000,1.500000,-10,0,0.000000,0.000000,-60,0.000000,0.000000,0.000000,0.000000,0.000000,mq,mq,mq,mq,mq,mq,mq,mq,mq,mq,mq,mq,mq,mq,mq,mq,
7481,20190221090000,103050,150,1,0,0.000000,279.450000,276.050000,79,7000,2,0,0,0,0,mq,30,20,10,100090,mq,mq,450,mq,mq,mq,mq,mq,mq,mq,1.200000,2.800000,-10,0,0.000000,0.000000,-30,0.000000,0.000000,0.000000,0.000000,0.000000,mq,mq,mq,mq,mq,mq,mq,mq,mq,mq,mq,mq,mq,mq,mq,mq,
7481,20190221120000,102920,-40,8,110,0.500000,287.950000,276.150000,45,12000,2,0,0,0,0,mq,30,20,10,100050,mq,mq,410,mq,mq,mq,mq,mq,mq,mq,1.500000,2.400000,-10,0,0.000000,0.000000,-60,0.000000,0.000000,0.000000,0.000000,0.000000,mq,mq,mq,mq,mq,mq,mq,mq,mq,mq,mq,mq,mq,mq,mq,mq,
7481,20190221150000,102860,-50,6,360,1.400000,288.550000,276.950000,46,15000,2,0,0,0,0,mq,30,20,10,100000,mq,mq,420,mq,mq,mq,mq,mq,mq,mq,2.700000,4.000000,-10,0,0.000000,0.000000,-30,0.000000,0.000000,0.000000,0.000000,0.000000,mq,mq,mq,mq,mq,mq,mq,mq,mq,mq,mq,mq,mq,mq,mq,mq,
7481,20190221180000,102970,60,3,360,2.400000,284.550000,276.350000,57,20000,3,0,0,40,0,mq,30,20,11,100060,mq,mq,430,275.550000,mq,288.850000,mq,mq,mq,mq,4.400000,4.400000,-10,0,0.000000,0.000000,-60,0.000000,0.000000,0.000000,0.000000,0.000000,mq,mq,mq,mq,3,0,8000,mq,mq,mq,mq,mq,mq,mq,mq,mq,
7481,20190221210000,103110,110,3,280,0.800000,281.350000,276.350000,71,15000,2,0,0,0,0,mq,30,20,10,100170,mq,mq,440,mq,mq,mq,mq,mq,mq,mq,1.400000,1.900000,-10,0,0.000000,0.000000,-30,0.000000,0.000000,0.000000,0.000000,0.000000,mq,mq,mq,mq,mq,mq,mq,mq,mq,mq,mq,mq,mq,mq,mq,mq,
7481,20190222000000,103240,100,2,0,0.000000,279.250000,276.750000,84,7740,0,0,mq,mq,0,mq,mq,mq,mq,100270,mq,mq,440,mq,mq,mq,mq,mq,mq,mq,0.600000,2.000000,-10,mq,mq,mq,mq,0.000000,0.000000,0.000000,0.000000,0.000000,mq,mq,mq,mq,mq,mq,mq,mq,mq,mq,mq,mq,mq,mq,mq,mq,
7481,20190222030000,103220,-40,6,340,0.500000,276.950000,275.150000,88,7000,2,0,0,0,0,mq,30,20,10,100230,mq,mq,340,mq,mq,mq,mq,mq,mq,mq,0.900000,1.400000,-10,0,0.000000,0.000000,-30,0.000000,0.000000,0.000000,0.000000,0.000000,mq,mq,mq,mq,mq,mq,mq,mq,mq,mq,mq,mq,mq,mq,mq,mq,
7481,20190222060000,103220,0,5,360,1.200000,277.150000,275.350000,88,6000,2,0,0,0,0,mq,30,20,10,100230,mq,mq,290,276.550000,mq,284.550000,mq,mq,mq,mq,1.600000,3.500000,-10,0,0.000000,0.000000,-60,0.000000,0.000000,0.000000,0.000000,0.000000,mq,mq,mq,mq,mq,mq,mq,mq,mq,mq,mq,mq,mq,mq,mq,mq,
7481,20190222090000,103270,100,0,330,3.300000,282.050000,278.050000,76,9000,1,0,0,10,0,7500,30,20,11,100330,mq,mq,240,mq,mq,mq,mq,mq,mq,mq,5.000000,5.000000,-10,0,0.000000,0.000000,-30,0.000000,0.000000,0.000000,0.000000,0.000000,mq,mq,mq,mq,1,0,7500,mq,mq,mq,mq,mq,mq,mq,mq,mq,
7481,20190222120000,103070,-130,8,340,8.600000,288.150000,278.650000,53,25000,2,0,0,0,0,mq,30,20,10,100200,mq,mq,150,mq,mq,mq,mq,mq,mq,mq,11.800000,11.800000,-10,0,0.000000,0.000000,-60,0.000000,0.000000,0.000000,0.000000,0.000000,mq,mq,mq,mq,mq,mq,mq,mq,mq,mq,mq,mq,mq,mq,mq,mq,
7481,20190222150000,102970,-90,6,340,10.100000,289.350000,279.750000,53,12130,0,0,0,mq,0,mq,mq,mq,mq,100110,mq,mq,110,mq,mq,mq,mq,mq,mq,mq,13.700000,13.700000,-10,mq,mq,mq,mq,0.000000,0.000000,0.000000,0.000000,0.000000,mq,mq,mq,mq,mq,mq,mq,mq,mq,mq,mq,mq,mq,mq,mq,mq,
7481,20190222180000,103030,40,3,350,6.400000,286.950000,280.250000,64,50000,2,0,0,0,0,mq,30,20,10,100150,mq,mq,90,276.550000,mq,289.850000,mq,mq,mq,mq,9.700000,9.700000,-10,0,0.000000,0.000000,-60,0.000000,0.000000,0.000000,0.000000,0.000000,mq,mq,mq,mq,mq,mq,mq,mq,mq,mq,mq,mq,mq,mq,mq,mq,
7481,20190222210000,103070,0,5,340,2.600000,283.450000,280.150000,80,20000,2,0,0,0,0,mq,30,20,10,100150,mq,mq,-20,mq,mq,mq,mq,mq,mq,mq,3.600000,8.300000,-10,0,0.000000,0.000000,-30,0.000000,0.000000,0.000000,0.000000,0.000000,mq,mq,mq,mq,mq,mq,mq,mq,mq,mq,mq,mq,mq,mq,mq,mq,
7481,20190223000000,103140,40,3,330,3.100000,280.650000,278.450000,86,13000,1,0,0,10,0,mq,30,20,11,100190,mq,mq,-80,mq,mq,mq,mq,mq,mq,mq,4.100000,4.800000,-10,0,0.000000,0.000000,-60,0.000000,0.000000,0.000000,0.000000,0.000000,mq,mq,mq,mq,1,0,8000,mq,mq,mq,mq,mq,mq,mq,mq,mq,
7481,20190223030000,103130,-40,8,240,1.500000,277.850000,276.650000,92,5660,0,0,0,mq,1,4320,mq,mq,mq,100150,mq,mq,-80,mq,mq,mq,mq,mq,mq,mq,2.000000,2.000000,-10,mq,mq,mq,mq,0.000000,0.000000,0.000000,0.000000,0.000000,mq,mq,mq,mq,1,mq,4320,mq,mq,mq,mq,mq,mq,mq,mq,mq,
7481,20190223060000,103130,-20,5,260,1.100000,276.150000,275.550000,96,230,41,4,0,0,0,mq,30,20,10,100130,mq,mq,-100,276.050000,mq,286.950000,mq,mq,mq,mq,3.200000,3.200000,-10,0,0.000000,0.000000,-60,0.000000,0.000000,0.000000,0.000000,0.000000,mq,mq,mq,mq,mq,mq,mq,mq,mq,mq,mq,mq,mq,mq,mq,mq,
7481,20190223090000,103170,70,3,10,1.400000,278.650000,278.050000,96,6000,3,0,0,10,1,250,36,20,10,100200,mq,mq,-130,mq,mq,mq,mq,mq,mq,mq,2.200000,2.300000,-10,0,0.000000,0.000000,-30,0.000000,0.000000,0.000000,0.000000,0.000000,mq,mq,mq,mq,1,7,250,mq,mq,mq,mq,mq,mq,mq,mq,mq,
7481,20190223120000,103070,-50,8,0,0.000000,283.350000,277.450000,67,10000,1,0,0,10,1,mq,31,20,10,100150,mq,mq,-50,mq,mq,mq,mq,mq,mq,mq,1.200000,3.300000,-10,0,0.000000,0.000000,-60,0.000000,0.000000,0.000000,0.000000,0.000000,mq,mq,mq,mq,1,8,550,mq,mq,mq,mq,mq,mq,mq,mq,mq,
7481,20190223150000,102940,-100,5,360,1.400000,285.750000,277.650000,58,15000,3,2,2,75,0,mq,30,20,12,100050,mq,mq,-60,mq,mq,mq,mq,mq,mq,mq,2.800000,3.900000,-10,0,0.000000,0.000000,-30,0.000000,0.000000,0.000000,0.000000,0.000000,mq,mq,mq,mq,6,0,7500,mq,mq,mq,mq,mq,mq,mq,mq,mq,
7481,20190223180000,103000,30,3,360,1.800000,283.450000,277.150000,65,15000,1,1,1,40,0,mq,30,20,12,100080,mq,mq,-70,276.150000,mq,286.550000,mq,mq,mq,mq,2.100000,2.700000,-10,0,0.000000,0.000000,-60,0.000000,0.000000,0.000000,0.000000,0.000000,mq,mq,mq,mq,3,0,7500,mq,mq,mq,mq,mq,mq,mq,mq,mq,
7481,20190223210000,103060,40,3,150,3.400000,281.150000,277.150000,76,9000,1,0,0,50,0,mq,30,20,12,100120,mq,mq,-30,mq,mq,mq,mq,mq,mq,mq,4.400000,4.400000,-10,0,0.000000,0.000000,-30,0.000000,0.000000,0.000000,0.000000,0.000000,mq,mq,mq,mq,4,0,7500,mq,mq,mq,mq,mq,mq,mq,mq,mq,
7481,20190224000000,103110,30,2,140,1.100000,279.850000,274.750000,70,12000,2,0,0,10,0,9000,30,20,11,100150,mq,mq,-40,mq,mq,mq,mq,mq,mq,mq,1.900000,2.500000,-10,0,0.000000,0.000000,-60,0.000000,0.000000,0.000000,0.000000,0.000000,mq,mq,mq,mq,1,0,9000,mq,mq,mq,mq,mq,mq,mq,mq,mq,
7481,20190224030000,103240,100,3,140,2.800000,277.450000,273.250000,74,10000,2,0,0,10,0,9000,30,20,11,100250,mq,mq,100,mq,mq,mq,mq,mq,mq,mq,3.700000,3.700000,-10,0,0.000000,0.000000,-30,0.000000,0.000000,0.000000,0.000000,0.000000,mq,mq,mq,mq,1,0,9000,mq,mq,mq,mq,mq,mq,mq,mq,mq,
7481,20190224060000,103340,100,1,130,4.700000,277.650000,272.850000,71,15000,2,0,0,25,0,9000,30,20,11,100350,mq,mq,220,276.650000,mq,283.450000,mq,mq,mq,mq,5.900000,6.200000,-10,0,0.000000,0.000000,-60,0.000000,0.000000,0.000000,0.000000,0.000000,mq,mq,mq,mq,2,0,9000,mq,mq,mq,mq,mq,mq,mq,mq,mq,
7481,20190224090000,103390,100,0,130,4.100000,282.150000,275.450000,63,15000,2,2,2,60,5,450,35,20,11,100450,mq,mq,250,mq,mq,mq,mq,mq,mq,mq,5.600000,5.600000,-10,0,0.000000,0.000000,-30,0.000000,0.000000,0.000000,0.000000,0.000000,mq,mq,mq,mq,1,6,450,4,6,700,2,0,9000,mq,mq,mq,
7481,20190224120000,103340,0,0,240,1.100000,286.650000,279.050000,60,15000,1,1,1,25,2,800,35,20,10,100450,mq,mq,300,mq,mq,mq,mq,mq,mq,mq,3.000000,5.400000,-10,0,0.000000,0.000000,-60,0.000000,0.000000,0.000000,0.000000,0.000000,mq,mq,mq,mq,2,6,870,mq,mq,mq,mq,mq,mq,mq,mq,mq,
7481,20190224150000,103220,-110,7,300,1.500000,287.950000,278.950000,55,15000,1,0,0,0,0,mq,30,20,10,100340,mq,mq,290,mq,mq,mq,mq,mq,mq,mq,2.500000,3.500000,-10,0,0.000000,0.000000,-30,0.000000,0.000000,0.000000,0.000000,0.000000,mq,mq,mq,mq,mq,mq,mq,mq,mq,mq,mq,mq,mq,mq,mq,mq,
7481,20190224180000,103270,20,3,330,1.600000,284.650000,278.950000,68,12000,1,0,0,0,0,mq,30,20,10,100360,mq,mq,280,277.150000,mq,288.850000,mq,mq,mq,mq,2.000000,2.800000,-10,0,0.000000,0.000000,-60,0.000000,0.000000,0.000000,0.000000,0.000000,mq,mq,mq,mq,mq,mq,mq,mq,mq,mq,mq,mq,mq,mq,mq,mq,
7481,20190224210000,103340,30,2,360,0.500000,281.350000,278.250000,81,8000,2,0,0,0,0,mq,30,20,10,100390,mq,mq,270,mq,mq,mq,mq,mq,mq,mq,1.700000,5.000000,-10,0,0.000000,0.000000,-30,0.000000,0.000000,0.000000,0.000000,0.000000,mq,mq,mq,mq,mq,mq,mq,mq,mq,mq,mq,mq,mq,mq,mq,mq,
7481,20190225000000,103420,60,0,160,2.700000,279.850000,277.850000,87,5000,10,0,0,0,0,mq,30,20,10,100450,mq,mq,300,mq,mq,mq,mq,mq,mq,mq,3.100000,3.500000,-10,0,0.000000,0.000000,-60,0.000000,0.000000,0.000000,0.000000,0.000000,mq,mq,mq,mq,mq,mq,mq,mq,mq,mq,mq,mq,mq,mq,mq,mq,
7481,20190225030000,103430,-10,8,150,1.700000,277.950000,274.450000,78,2960,10,0,0,0,0,mq,30,20,10,100440,mq,mq,190,mq,mq,mq,mq,mq,mq,mq,2.300000,3.300000,-10,0,0.000000,0.000000,-30,0.000000,0.000000,0.000000,0.000000,0.000000,mq,mq,mq,mq,mq,mq,mq,mq,mq,mq,mq,mq,mq,mq,mq,mq,
7481,20190225060000,103510,50,1,180,0.700000,275.650000,273.850000,88,8000,2,0,0,10,0,mq,30,20,11,100490,mq,mq,140,274.750000,mq,284.650000,mq,mq,mq,mq,1.100000,2.200000,-10,0,0.000000,0.000000,-60,0.000000,0.000000,0.000000,0.000000,0.000000,mq,mq,mq,mq,1,0,8000,mq,mq,mq,mq,mq,mq,mq,mq,mq,
7481,20190225090000,103510,40,1,0,0.000000,278.550000,277.050000,90,6000,2,0,0,50,0,mq,30,20,12,100530,mq,mq,80,mq,mq,mq,mq,mq,mq,mq,1.000000,1.000000,-10,0,0.000000,0.000000,-30,0.000000,0.000000,0.000000,0.000000,0.000000,mq,mq,mq,mq,4,0,8000,mq,mq,mq,mq,mq,mq,mq,mq,mq,
7481,20190225120000,103360,-80,8,350,2.300000,285.050000,276.050000,54,15000,2,0,0,25,0,mq,30,20,11,100450,mq,mq,0,mq,mq,mq,mq,mq,mq,mq,3.800000,3.800000,-10,0,0.000000,0.000000,-60,0.000000,0.000000,0.000000,0.000000,0.000000,mq,mq,mq,mq,2,0,8000,mq,mq,mq,mq,mq,mq,mq,mq,mq,
7481,20190225150000,103150,-170,6,20,2.400000,288.750000,275.150000,40,20000,1,0,0,0,0,mq,30,20,10,100280,mq,mq,-60,mq,mq,mq,mq,mq,mq,mq,3.900000,4.200000,-10,0,0.000000,0.000000,-30,0.000000,0.000000,0.000000,0.000000,0.000000,mq,mq,mq,mq,mq,mq,mq,mq,mq,mq,mq,mq,mq,mq,mq,mq,
7481,20190225180000,103270,80,3,360,3.100000,284.550000,277.550000,62,12000,2,0,0,0,0,mq,30,20,10,100360,mq,mq,0,274.750000,mq,288.750000,mq,mq,mq,mq,4.800000,5.900000,-10,0,0.000000,0.000000,-60,0.000000,0.000000,0.000000,0.000000,0.000000,mq,mq,mq,mq,mq,mq,mq,mq,mq,mq,mq,mq,mq,mq,mq,mq,
7481,20190225210000,103320,10,3,0,0.000000,280.950000,276.450000,73,9000,2,0,0,0,0,mq,30,20,10,100370,mq,mq,-20,mq,mq,mq,mq,mq,mq,mq,0.000000,1.300000,-10,0,0.000000,0.000000,-30,0.000000,0.000000,0.000000,0.000000,0.000000,mq,mq,mq,mq,mq,mq,mq,mq,mq,mq,mq,mq,mq,mq,mq,mq,
7481,20190226000000,103340,0,5,150,1.800000,279.050000,275.650000,79,6640,0,0,0,mq,1,4200,mq,mq,mq,100370,mq,mq,-80,mq,mq,mq,mq,mq,mq,mq,2.200000,2.200000,-10,mq,mq,mq,mq,0.000000,0.000000,0.000000,0.000000,0.000000,mq,mq,mq,mq,1,mq,4200,mq,mq,mq,mq,mq,mq,mq,mq,mq,
7481,20190226030000,103330,-40,6,0,0.000000,276.450000,274.350000,86,6000,2,0,0,0,0,mq,30,20,10,100330,mq,mq,-110,mq,mq,mq,mq,mq,mq,mq,0.700000,0.700000,-10,0,0.000000,0.000000,-30,0.000000,0.000000,0.000000,0.000000,0.000000,mq,mq,mq,mq,mq,mq,mq,mq,mq,mq,mq,mq,mq,mq,mq,mq,
7481,20190226060000,103330,-10,5,0,0.000000,275.750000,274.450000,91,4500,10,0,0,0,0,mq,30,20,10,100320,mq,mq,-170,275.150000,mq,284.550000,mq,mq,mq,mq,0.800000,1.400000,-10,0,0.000000,0.000000,-60,0.000000,0.000000,0.000000,0.000000,0.000000,mq,mq,mq,mq,mq,mq,mq,mq,mq,mq,mq,mq,mq,mq,mq,mq,
7481,20190226090000,103360,80,3,260,0.600000,279.950000,276.550000,79,8000,3,0,0,40,0,8000,30,20,11,100400,mq,mq,-130,mq,mq,mq,mq,mq,mq,mq,1.500000,1.500000,-10,0,0.000000,0.000000,-30,0.000000,0.000000,0.000000,0.000000,0.000000,mq,mq,mq,mq,3,0,8000,mq,mq,mq,mq,mq,mq,mq,mq,mq,
7481,20190226120000,103180,-110,8,70,1.200000,286.850000,277.150000,52,10760,0,0,0,mq,0,mq,mq,mq,mq,100290,mq,mq,-160,mq,mq,mq,mq,mq,mq,mq,2.900000,2.900000,-10,0,0.000000,mq,mq,0.000000,0.000000,0.000000,0.000000,0.000000,mq,mq,mq,mq,mq,mq,mq,mq,mq,mq,mq,mq,mq,mq,mq,mq,
7481,20190226150000,102970,-180,8,360,2.300000,289.350000,275.350000,39,14000,1,0,0,10,0,8000,30,20,11,100110,mq,mq,-170,mq,mq,mq,mq,mq,mq,mq,3.700000,4.000000,-10,0,0.000000,0.000000,-30,0.000000,0.000000,0.000000,0.000000,0.000000,mq,mq,mq,mq,1,0,8000,mq,mq,mq,mq,mq,mq,mq,mq,mq,
7481,20190226180000,102980,-30,5,350,1.700000,285.550000,277.550000,58,13000,3,0,0,40,0,8000,30,20,11,100080,mq,mq,-280,275.050000,mq,289.950000,mq,mq,mq,mq,2.400000,3.900000,-10,0,0.000000,0.000000,-60,0.000000,0.000000,0.000000,0.000000,0.000000,mq,mq,mq,mq,3,0,8000,mq,mq,mq,mq,mq,mq,mq,mq,mq,
7481,20190226210000,102970,-40,8,330,1.100000,282.250000,277.450000,72,9000,3,0,0,40,0,8000,30,20,11,100040,mq,mq,-330,mq,mq,mq,mq,mq,mq,mq,1.700000,1.700000,-10,0,0.000000,0.000000,-30,0.000000,0.000000,0.000000,0.000000,0.000000,mq,mq,mq,mq,3,0,8000,mq,mq,mq,mq,mq,mq,mq,mq,mq,
7481,20190227000000,102980,-10,6,180,1.000000,280.250000,276.450000,77,7000,1,0,0,0,0,mq,30,20,10,100030,mq,mq,-340,mq,mq,mq,mq,mq,mq,mq,1.300000,2.800000,-10,0,0.000000,0.000000,-60,0.000000,0.000000,0.000000,0.000000,0.000000,mq,mq,mq,mq,mq,mq,mq,mq,mq,mq,mq,mq,mq,mq,mq,mq,
7481,20190227030000,102900,-110,6,150,1.300000,277.450000,275.650000,88,4900,10,0,0,0,0,mq,30,20,10,99920,mq,mq,-410,mq,mq,mq,mq,mq,mq,mq,2.200000,2.900000,-10,0,0.000000,0.000000,-30,0.000000,0.000000,0.000000,0.000000,0.000000,mq,mq,mq,mq,mq,mq,mq,mq,mq,mq,mq,mq,mq,mq,mq,mq,
7481,20190227060000,102890,-20,6,150,0.800000,276.050000,274.450000,89,4500,10,0,0,0,0,mq,30,20,10,99900,mq,mq,-420,275.350000,mq,285.550000,mq,mq,mq,mq,1.300000,2.500000,-10,0,0.000000,0.000000,-60,0.000000,0.000000,0.000000,0.000000,0.000000,mq,mq,mq,mq,mq,mq,mq,mq,mq,mq,mq,mq,mq,mq,mq,mq,
7481,20190227090000,102880,40,1,290,1.200000,280.850000,277.950000,82,6000,2,0,0,0,0,mq,30,20,10,99940,mq,mq,-460,mq,mq,mq,mq,mq,mq,mq,2.000000,2.700000,-10,0,0.000000,0.000000,-30,0.000000,0.000000,0.000000,0.000000,0.000000,mq,mq,mq,mq,mq,mq,mq,mq,mq,mq,mq,mq,mq,mq,mq,mq,
7481,20190227120000,102660,-160,8,310,1.200000,286.650000,276.450000,50,11760,0,0,0,mq,0,mq,mq,mq,mq,99780,mq,mq,-510,mq,mq,mq,mq,mq,mq,mq,4.000000,4.000000,-10,0,0.000000,mq,mq,0.000000,0.000000,0.000000,0.000000,0.000000,mq,mq,mq,mq,mq,mq,mq,mq,mq,mq,mq,mq,mq,mq,mq,mq,
7481,20190227150000,102440,-180,6,290,1.000000,290.250000,274.650000,35,20000,2,0,0,10,0,mq,30,20,11,99600,mq,mq,-510,mq,mq,mq,mq,mq,mq,mq,2.900000,2.900000,-10,0,0.000000,0.000000,-30,0.000000,0.000000,0.000000,0.000000,0.000000,mq,mq,mq,mq,1,0,9000,mq,mq,mq,mq,mq,mq,mq,mq,mq,
7481,20190227180000,102440,-30,5,60,0.700000,287.250000,275.450000,45,15000,2,0,0,10,0,mq,30,20,11,99570,mq,mq,-510,274.850000,mq,290.850000,mq,mq,mq,mq,1.400000,2.300000,-10,0,0.000000,0.000000,-60,0.000000,0.000000,0.000000,0.000000,0.000000,mq,mq,mq,mq,1,0,9000,mq,mq,mq,mq,mq,mq,mq,mq,mq,
7481,20190227210000,102480,10,2,150,3.500000,284.150000,275.750000,56,12000,2,0,0,0,0,mq,30,20,10,99580,mq,mq,-460,mq,mq,mq,mq,mq,mq,mq,4.100000,4.100000,-10,0,0.000000,0.000000,-30,0.000000,0.000000,0.000000,0.000000,0.000000,mq,mq,mq,mq,mq,mq,mq,mq,mq,mq,mq,mq,mq,mq,mq,mq,
7481,20190228000000,102510,0,5,150,2.400000,281.250000,275.850000,69,9000,2,0,0,0,0,mq,30,20,10,99580,mq,mq,-450,mq,mq,mq,mq,mq,mq,mq,3.400000,4.600000,-10,0,0.000000,0.000000,-60,0.000000,0.000000,0.000000,0.000000,0.000000,mq,mq,mq,mq,mq,mq,mq,mq,mq,mq,mq,mq,mq,mq,mq,mq,
7481,20190228030000,102450,-70,8,150,2.600000,279.750000,275.650000,75,8000,2,0,0,0,0,mq,30,20,10,99510,mq,mq,-410,mq,mq,mq,mq,mq,mq,mq,4.500000,5.200000,-10,0,0.000000,0.000000,-30,0.000000,0.000000,0.000000,0.000000,0.000000,mq,mq,mq,mq,mq,mq,mq,mq,mq,mq,mq,mq,mq,mq,mq,mq,
7481,20190228060000,102500,30,0,140,3.200000,278.050000,274.550000,78,8000,2,0,0,0,0,mq,30,20,10,99540,mq,mq,-360,277.850000,mq,287.250000,mq,mq,mq,mq,5.000000,5.000000,-10,0,0.000000,0.000000,-60,0.000000,0.000000,0.000000,0.000000,0.000000,mq,mq,mq,mq,mq,mq,mq,mq,mq,mq,mq,mq,mq,mq,mq,mq,
7481,20190228090000,102670,210,1,190,1.600000,282.750000,275.850000,62,15000,3,0,0,50,0,9000,30,20,11,99750,mq,mq,-190,mq,mq,mq,mq,mq,mq,mq,2.600000,5.900000,-10,0,0.000000,0.000000,-30,0.000000,0.000000,0.000000,0.000000,0.000000,mq,mq,mq,mq,4,0,9000,mq,mq,mq,mq,mq,mq,mq,mq,mq,
7481,20190228120000,102570,-20,8,20,1.500000,290.050000,274.450000,35,25000,2,0,0,10,0,9000,30,20,11,99730,mq,mq,-50,mq,mq,mq,mq,mq,mq,mq,3.300000,3.700000,-10,0,0.000000,0.000000,-60,0.000000,0.000000,0.000000,0.000000,0.000000,mq,mq,mq,mq,1,0,9000,mq,mq,mq,mq,mq,mq,mq,mq,mq,
7481,20190228150000,102420,-140,6,350,7.500000,291.050000,275.350000,35,40000,3,0,0,10,1,1750,31,20,10,99590,mq,mq,-10,mq,mq,mq,mq,mq,mq,mq,9.900000,10.200000,-10,0,0.000000,0.000000,-30,0.000000,0.000000,0.000000,0.000000,0.000000,mq,mq,mq,mq,1,8,1800,mq,mq,mq,mq,mq,mq,mq,mq,mq,
7481,20190228180000,102560,70,2,30,4.000000,283.950000,277.650000,65,50000,1,0,0,10,1,2250,35,20,10,99660,mq,mq,90,276.750000,mq,292.250000,mq,mq,mq,mq,6.200000,10.600000,-10,0,0.000000,0.000000,-60,0.000000,0.000000,0.000000,0.000000,0.000000,mq,mq,mq,mq,1,6,2000,mq,mq,mq,mq,mq,mq,mq,mq,mq,
7481,20190228210000,102540,-20,8,130,3.400000,283.750000,277.450000,65,40000,1,2,2,90,7,1750,35,mq,mq,99640,mq,mq,60,mq,mq,mq,mq,mq,mq,mq,4.500000,7.600000,-10,0,0.000000,0.000000,-30,0.000000,0.000000,0.000000,0.000000,0.000000,mq,mq,mq,mq,7,6,1800,mq,mq,mq,mq,mq,mq,mq,mq,mq,
